2026-06-13 11:15:46.041788,282,34,47,POOR,YES
2026-06-13 11:15:49.146786,354,36,79,HAZARDOUS,YES
2026-06-13 11:15:52.153787,373,22,71,HAZARDOUS,YES
2026-06-13 11:15:55.163785,300,21,58,POOR,YES
2026-06-13 11:15:58.171790,131,19,35,MODERATE,NO
2026-06-13 11:16:01.184787,423,30,65,HAZARDOUS,YES
2026-06-13 11:16:04.201785,302,38,49,POOR,YES
2026-06-13 11:16:07.210789,79,18,69,GOOD,NO
2026-06-13 11:16:10.224790,371,33,69,HAZARDOUS,YES
2026-06-13 11:16:13.239791,450,36,33,HAZARDOUS,YES
2026-06-13 11:16:16.260794,365,21,51,HAZARDOUS,YES
2026-06-13 11:16:19.278791,128,30,54,MODERATE,NO
2026-06-13 11:16:22.293788,58,39,69,GOOD,NO
2026-06-13 11:16:25.298833,162,22,74,MODERATE,NO
2026-06-13 11:16:28.310788,399,19,36,HAZARDOUS,YES
2026-06-13 11:16:31.317789,472,37,82,HAZARDOUS,YES
2026-06-13 11:16:34.331837,144,29,33,MODERATE,NO
2026-06-13 11:16:37.343785,326,38,83,POOR,YES
2026-06-13 11:16:40.357841,71,30,69,GOOD,NO
2026-06-13 11:16:43.367789,117,22,63,MODERATE,NO
2026-06-13 11:16:46.381792,357,34,79,HAZARDOUS,YES
2026-06-13 11:16:49.397789,361,40,64,HAZARDOUS,YES
2026-06-13 11:16:52.413788,332,20,72,POOR,YES
2026-06-13 11:16:55.428790,184,21,54,MODERATE,NO
2026-06-13 11:16:58.443796,358,39,51,HAZARDOUS,YES
2026-06-13 11:17:01.457787,237,23,76,POOR,YES
2026-06-13 11:17:04.475846,297,29,35,POOR,YES
2026-06-13 11:17:07.488786,79,34,41,GOOD,NO
2026-06-13 11:17:10.504835,383,23,77,HAZARDOUS,YES
2026-06-13 11:17:13.520790,109,22,60,MODERATE,NO
2026-06-13 11:17:16.532836,393,36,89,HAZARDOUS,YES
2026-06-13 11:17:19.547791,226,35,90,POOR,YES
2026-06-13 11:17:22.562793,321,26,38,POOR,YES
2026-06-13 11:17:25.581798,210,22,73,POOR,YES
2026-06-13 11:17:28.597787,439,39,75,HAZARDOUS,YES
2026-06-13 11:17:31.611790,174,38,45,MODERATE,NO
2026-06-13 11:17:34.620787,294,37,50,POOR,YES
2026-06-13 11:17:37.633789,153,19,57,MODERATE,NO
2026-06-13 11:17:40.659796,315,36,50,POOR,YES
2026-06-13 11:17:43.679785,328,32,64,POOR,YES
2026-06-13 11:17:46.696785,445,34,43,HAZARDOUS,YES
2026-06-13 11:17:49.714796,215,29,67,POOR,YES
2026-06-13 11:17:52.728802,253,18,89,POOR,YES
2026-06-13 11:17:55.736789,153,21,81,MODERATE,NO
2026-06-13 11:17:58.740785,75,30,52,GOOD,NO
2026-06-13 11:18:01.749785,489,23,40,HAZARDOUS,YES
2026-06-13 11:18:04.755787,257,18,57,POOR,YES
2026-06-13 11:18:07.767812,131,39,54,MODERATE,NO
2026-06-13 11:18:10.775810,187,30,55,MODERATE,NO
2026-06-13 11:18:13.785787,333,33,52,POOR,YES
2026-06-13 11:18:16.799793,202,31,46,POOR,YES
2026-06-13 11:18:19.821823,463,23,46,HAZARDOUS,YES
2026-06-13 11:18:22.831797,378,20,90,HAZARDOUS,YES
2026-06-13 11:18:25.841789,380,23,33,HAZARDOUS,YES
2026-06-13 11:18:28.849803,477,23,74,HAZARDOUS,YES
2026-06-13 11:18:31.857788,415,21,51,HAZARDOUS,YES
2026-06-13 11:18:34.877790,114,20,49,MODERATE,NO
2026-06-13 11:18:37.897796,106,30,87,MODERATE,NO
2026-06-13 11:18:40.919794,316,38,78,POOR,YES
2026-06-13 11:18:43.932796,121,27,55,MODERATE,NO
2026-06-13 11:18:46.939834,400,21,31,HAZARDOUS,YES
2026-06-13 11:18:49.948886,134,37,42,MODERATE,NO
2026-06-13 11:18:52.961840,149,36,75,MODERATE,NO
2026-06-13 11:18:55.979790,210,26,47,POOR,YES
2026-06-13 11:18:58.999792,353,32,41,HAZARDOUS,YES
2026-06-13 11:19:02.009836,246,19,70,POOR,YES
2026-06-13 11:19:05.020795,258,31,89,POOR,YES
2026-06-13 11:19:08.037793,360,23,53,HAZARDOUS,YES
2026-06-13 11:19:11.041795,196,21,90,MODERATE,NO
2026-06-13 11:19:14.056857,50,33,76,GOOD,NO
2026-06-13 11:19:17.073836,58,26,65,GOOD,NO
2026-06-13 11:19:20.079789,341,30,32,POOR,YES
2026-06-13 11:19:23.090850,219,22,36,POOR,YES
2026-06-13 11:19:26.109834,182,37,68,MODERATE,NO
2026-06-13 11:19:29.119788,466,19,57,HAZARDOUS,YES
2026-06-13 11:19:32.140785,89,30,56,GOOD,NO
2026-06-13 11:19:35.154788,397,40,53,HAZARDOUS,YES
2026-06-13 11:19:38.158788,135,37,73,MODERATE,NO
2026-06-13 11:19:41.170835,235,27,60,POOR,YES
2026-06-13 11:19:44.176785,139,20,59,MODERATE,NO
2026-06-13 11:19:47.182798,213,22,53,POOR,YES
2026-06-13 11:19:50.187786,325,18,67,POOR,YES
2026-06-13 11:19:53.197787,194,24,64,MODERATE,NO
2026-06-13 11:19:56.205788,344,31,43,POOR,YES
2026-06-13 11:19:59.215791,110,32,33,MODERATE,NO
2026-06-13 11:20:02.223784,160,21,86,MODERATE,NO
2026-06-13 11:20:05.227785,367,26,82,HAZARDOUS,YES
2026-06-13 11:20:08.244784,65,34,41,GOOD,NO
2026-06-13 11:20:11.255785,415,23,57,HAZARDOUS,YES
2026-06-13 11:20:14.268789,280,31,32,POOR,YES
2026-06-13 11:20:17.281787,358,18,85,HAZARDOUS,YES
2026-06-13 11:20:20.295785,116,30,62,MODERATE,NO
2026-06-13 11:20:23.303785,267,23,62,POOR,YES
2026-06-13 11:20:26.313786,194,38,55,MODERATE,NO
2026-06-13 11:20:29.321785,377,19,85,HAZARDOUS,YES
2026-06-13 11:20:32.333789,197,21,54,MODERATE,NO
2026-06-13 11:20:35.349788,239,35,42,POOR,YES
2026-06-13 11:20:38.361785,444,40,33,HAZARDOUS,YES
2026-06-13 11:20:41.373788,386,20,71,HAZARDOUS,YES
2026-06-13 11:20:44.390788,469,33,90,HAZARDOUS,YES
2026-06-13 11:20:47.395785,134,25,39,MODERATE,NO
2026-06-13 11:20:50.405787,164,18,36,MODERATE,NO
2026-06-13 11:20:53.419787,93,27,90,GOOD,NO
2026-06-13 11:20:56.432787,392,27,78,HAZARDOUS,YES
2026-06-13 11:20:59.438787,214,37,42,POOR,YES
2026-06-13 11:21:02.453785,97,32,31,GOOD,NO
2026-06-13 11:21:05.467785,58,31,52,GOOD,NO
2026-06-13 11:21:08.477788,314,25,83,POOR,YES
2026-06-13 11:21:11.491788,100,22,38,MODERATE,NO
2026-06-13 11:21:14.505785,201,30,65,POOR,YES
2026-06-13 11:21:17.517785,319,29,86,POOR,YES
2026-06-13 11:21:20.524788,367,31,59,HAZARDOUS,YES
2026-06-13 11:21:23.533787,95,40,82,GOOD,NO
2026-06-13 11:21:26.541786,484,29,65,HAZARDOUS,YES
2026-06-13 11:21:29.546785,468,30,34,HAZARDOUS,YES
2026-06-13 11:21:32.563785,80,37,50,GOOD,NO
2026-06-13 11:21:35.575784,239,37,44,POOR,YES
2026-06-13 11:21:38.587786,179,27,44,MODERATE,NO
2026-06-13 11:21:41.605788,150,24,44,MODERATE,NO
2026-06-13 11:21:44.614840,253,20,49,POOR,YES
2026-06-13 11:21:47.632784,322,30,56,POOR,YES
2026-06-13 11:21:50.653784,183,33,74,MODERATE,NO
2026-06-13 11:21:53.666785,459,20,38,HAZARDOUS,YES
2026-06-13 11:21:56.678898,315,27,73,POOR,YES
2026-06-13 11:21:59.694900,330,31,89,POOR,YES
2026-06-13 11:22:02.708899,140,30,63,MODERATE,NO
2026-06-13 11:22:05.712902,258,32,81,POOR,YES
2026-06-13 11:22:08.724902,372,28,32,HAZARDOUS,YES
2026-06-13 11:22:11.740901,58,20,37,GOOD,NO
2026-06-13 11:22:14.748952,474,23,50,HAZARDOUS,YES
2026-06-13 11:22:17.754952,152,28,81,MODERATE,NO
2026-06-13 11:22:20.766943,313,36,68,POOR,YES
2026-06-13 11:22:23.774954,135,27,86,MODERATE,NO
2026-06-13 11:22:26.788952,474,18,33,HAZARDOUS,YES
2026-06-13 11:22:29.796900,399,22,37,HAZARDOUS,YES
2026-06-13 11:22:32.804954,202,32,57,POOR,YES
2026-06-13 11:22:35.819899,66,24,60,GOOD,NO
2026-06-13 11:22:38.827947,264,25,51,POOR,YES
2026-06-13 11:22:41.844900,401,30,53,HAZARDOUS,YES
2026-06-13 11:22:44.860901,113,31,56,MODERATE,NO
2026-06-13 11:22:47.874905,262,22,30,POOR,YES
2026-06-13 11:22:50.892898,86,34,46,GOOD,NO
2026-06-13 11:22:53.901899,142,20,89,MODERATE,NO
2026-06-13 11:22:56.921952,479,28,83,HAZARDOUS,YES
2026-06-13 11:22:59.937904,177,39,61,MODERATE,NO
2026-06-13 11:23:02.950952,500,22,66,HAZARDOUS,YES
2026-06-13 11:23:05.968951,497,39,88,HAZARDOUS,YES
2026-06-13 11:23:08.977949,383,34,88,HAZARDOUS,YES
2026-06-13 11:23:11.995898,283,36,75,POOR,YES
2026-06-13 11:23:15.009899,146,36,77,MODERATE,NO
2026-06-13 11:23:18.025898,424,22,69,HAZARDOUS,YES
2026-06-13 11:23:21.039902,373,27,60,HAZARDOUS,YES
2026-06-13 11:23:24.057899,200,31,57,POOR,YES
2026-06-13 11:23:27.069899,111,40,68,MODERATE,NO
2026-06-13 11:23:30.081902,347,29,86,POOR,YES
2026-06-13 11:23:33.087902,129,25,50,MODERATE,NO
2026-06-13 11:23:36.095901,189,33,46,MODERATE,NO
2026-06-13 11:23:39.102140,97,32,40,GOOD,NO
2026-06-13 11:23:42.108137,252,22,78,POOR,YES
2026-06-13 11:23:45.112083,210,27,79,POOR,YES
2026-06-13 11:23:48.116084,142,24,45,MODERATE,NO
2026-06-13 11:23:51.131086,210,37,85,POOR,YES
2026-06-13 11:23:54.135135,307,35,41,POOR,YES
2026-06-13 11:23:57.141141,283,39,68,POOR,YES
2026-06-13 11:24:00.155086,428,40,51,HAZARDOUS,YES
2026-06-13 11:24:03.162136,454,33,63,HAZARDOUS,YES
2026-06-13 11:24:06.173140,401,29,33,HAZARDOUS,YES
2026-06-13 11:24:09.177136,260,27,34,POOR,YES
2026-06-13 11:24:12.187086,458,34,48,HAZARDOUS,YES
2026-06-13 11:24:15.199135,371,28,70,HAZARDOUS,YES
2026-06-13 11:24:18.208086,111,31,59,MODERATE,NO
2026-06-13 11:24:21.220140,395,21,58,HAZARDOUS,YES
2026-06-13 11:24:24.236139,305,18,39,POOR,YES
2026-06-13 11:24:27.252136,286,39,38,POOR,YES
2026-06-13 11:24:30.254138,419,27,31,HAZARDOUS,YES
2026-06-13 11:24:33.271085,319,35,56,POOR,YES
2026-06-13 11:24:36.284136,112,37,52,MODERATE,NO
2026-06-13 11:24:39.298138,260,28,41,POOR,YES
2026-06-13 11:24:42.304083,102,21,49,MODERATE,NO
2026-06-13 11:24:45.324135,482,24,41,HAZARDOUS,YES
2026-06-13 11:24:48.328138,85,40,42,GOOD,NO
2026-06-13 11:24:51.344135,281,35,90,POOR,YES
2026-06-13 11:24:54.350083,297,24,78,POOR,YES
2026-06-13 11:24:57.362137,88,31,83,GOOD,NO
2026-06-13 11:25:00.369085,417,36,42,HAZARDOUS,YES
2026-06-13 11:25:03.374135,321,31,90,POOR,YES
2026-06-13 11:25:06.386136,95,37,67,GOOD,NO
2026-06-13 11:25:09.391089,258,24,39,POOR,YES
2026-06-13 11:25:12.413089,295,21,88,POOR,YES
2026-06-13 11:25:15.422086,284,36,53,POOR,YES
2026-06-13 11:25:18.442090,197,33,82,MODERATE,NO
2026-06-13 11:25:21.458099,470,38,81,HAZARDOUS,YES
2026-06-13 11:25:24.472084,97,39,90,GOOD,NO
2026-06-13 11:25:27.488083,224,40,84,POOR,YES
2026-06-13 11:25:30.496136,454,39,54,HAZARDOUS,YES
2026-06-13 11:25:33.502138,372,35,83,HAZARDOUS,YES
2026-06-13 11:25:36.518137,423,32,41,HAZARDOUS,YES
2026-06-13 11:25:39.532135,102,33,39,MODERATE,NO
2026-06-13 11:25:42.548138,317,37,69,POOR,YES
2026-06-13 11:25:45.564142,389,25,62,HAZARDOUS,YES
2026-06-13 11:25:48.580139,473,40,46,HAZARDOUS,YES
2026-06-13 11:25:51.584137,276,36,52,POOR,YES
2026-06-13 11:25:54.592135,336,19,74,POOR,YES
2026-06-13 11:25:57.610137,82,35,35,GOOD,NO
2026-06-13 11:26:00.622086,84,21,78,GOOD,NO
2026-06-13 11:26:03.634137,267,18,73,POOR,YES
2026-06-13 11:26:06.636141,483,38,62,HAZARDOUS,YES
2026-06-13 11:26:09.651137,66,39,85,GOOD,NO
2026-06-13 11:26:12.669135,488,32,50,HAZARDOUS,YES
2026-06-13 11:26:15.676137,99,26,69,GOOD,NO
2026-06-13 11:26:18.692084,326,23,89,POOR,YES
2026-06-13 11:26:21.702137,83,38,34,GOOD,NO
2026-06-13 11:26:24.706082,492,19,38,HAZARDOUS,YES
2026-06-13 11:26:27.724086,300,36,31,POOR,YES
2026-06-13 11:26:30.728137,114,31,89,MODERATE,NO
2026-06-13 11:26:33.740082,61,30,69,GOOD,NO
2026-06-13 11:26:36.750086,74,35,48,GOOD,NO
2026-06-13 11:26:39.758136,105,38,34,MODERATE,NO
2026-06-13 11:26:42.776090,182,39,78,MODERATE,NO
2026-06-13 11:26:45.789082,52,27,42,GOOD,NO
2026-06-13 11:26:48.799086,96,39,48,GOOD,NO
2026-06-13 11:26:51.809087,239,20,66,POOR,YES
2026-06-13 11:26:54.825083,321,36,44,POOR,YES
2026-06-13 11:26:57.831086,351,18,57,HAZARDOUS,YES
2026-06-13 11:27:00.844085,454,38,33,HAZARDOUS,YES
2026-06-13 11:27:03.852086,298,40,55,POOR,YES
2026-06-13 11:27:06.868131,187,18,58,MODERATE,NO
2026-06-13 11:27:09.876136,217,18,36,POOR,YES
2026-06-13 11:27:12.888087,251,29,31,POOR,YES
2026-06-13 11:27:15.906133,375,30,37,HAZARDOUS,YES
2026-06-13 11:27:18.921135,448,27,37,HAZARDOUS,YES
2026-06-13 11:27:21.936082,368,29,74,HAZARDOUS,YES
2026-06-13 11:27:24.940135,445,32,76,HAZARDOUS,YES
2026-06-13 11:27:27.956138,384,38,51,HAZARDOUS,YES
2026-06-13 11:27:30.973086,166,37,81,MODERATE,NO
2026-06-13 11:27:33.990085,412,32,62,HAZARDOUS,YES
2026-06-13 11:27:37.000136,117,22,41,MODERATE,NO
2026-06-13 11:27:40.017085,256,22,55,POOR,YES
2026-06-13 11:27:43.034085,278,18,36,POOR,YES
2026-06-13 11:27:46.044084,169,32,74,MODERATE,NO
2026-06-13 11:27:49.048137,173,22,40,MODERATE,NO
2026-06-13 11:27:52.062091,447,33,88,HAZARDOUS,YES
2026-06-13 11:27:55.074086,185,18,78,MODERATE,NO
2026-06-13 11:27:58.081202,396,25,41,HAZARDOUS,YES
2026-06-13 11:28:01.090088,386,35,82,HAZARDOUS,YES
2026-06-13 11:28:04.102139,304,26,73,POOR,YES
2026-06-13 11:28:07.110083,426,38,78,HAZARDOUS,YES
2026-06-13 11:28:10.124099,432,33,46,HAZARDOUS,YES
2026-06-13 11:28:13.134104,206,24,33,POOR,YES
2026-06-13 11:28:16.154090,332,30,72,POOR,YES
2026-06-13 11:28:19.168137,92,31,71,GOOD,NO
2026-06-13 11:28:22.172088,404,24,78,HAZARDOUS,YES
2026-06-13 11:28:25.192108,388,36,84,HAZARDOUS,YES
2026-06-13 11:28:28.210086,310,32,88,POOR,YES
2026-06-13 11:28:31.225083,126,39,63,MODERATE,NO
2026-06-13 11:28:34.229085,193,29,69,MODERATE,NO
2026-06-13 11:28:37.245083,278,20,57,POOR,YES
2026-06-13 11:28:40.265083,296,33,64,POOR,YES
2026-06-13 11:28:43.283083,241,40,53,POOR,YES
2026-06-13 11:28:46.287139,439,34,45,HAZARDOUS,YES
2026-06-13 11:28:49.291136,159,29,49,MODERATE,NO
2026-06-13 11:28:52.303141,109,34,62,MODERATE,NO
2026-06-13 11:28:55.321089,289,20,51,POOR,YES
2026-06-13 11:28:58.326083,179,29,89,MODERATE,NO
2026-06-13 11:29:01.343089,280,36,73,POOR,YES
2026-06-13 11:29:04.361134,210,33,71,POOR,YES
2026-06-13 11:29:07.375083,435,37,69,HAZARDOUS,YES
2026-06-13 11:29:10.383125,409,27,51,HAZARDOUS,YES
2026-06-13 11:29:13.395135,62,29,81,GOOD,NO
2026-06-13 11:29:16.405137,438,25,33,HAZARDOUS,YES
2026-06-13 11:29:19.413132,428,24,36,HAZARDOUS,YES
2026-06-13 11:29:22.417133,305,26,57,POOR,YES
2026-06-13 11:29:25.428083,451,34,59,HAZARDOUS,YES
2026-06-13 11:29:28.433133,177,40,80,MODERATE,NO
2026-06-13 11:29:31.443086,229,31,41,POOR,YES
2026-06-13 11:29:34.451136,168,29,58,MODERATE,NO
2026-06-13 11:29:37.469144,88,24,88,GOOD,NO
2026-06-13 11:29:40.475090,85,21,52,GOOD,NO
2026-06-13 11:29:43.484083,332,27,85,POOR,YES
2026-06-13 11:29:46.499085,69,25,85,GOOD,NO
2026-06-13 11:29:49.505136,151,24,81,MODERATE,NO
2026-06-13 11:29:52.511085,66,29,85,GOOD,NO
2026-06-13 11:29:55.525132,299,24,89,POOR,YES
2026-06-13 11:29:58.541090,106,23,30,MODERATE,NO
2026-06-13 11:30:01.559086,327,38,84,POOR,YES
2026-06-13 11:30:04.570090,202,19,71,POOR,YES
2026-06-13 11:30:07.583089,117,36,74,MODERATE,NO
2026-06-13 11:30:10.602085,488,40,32,HAZARDOUS,YES
2026-06-13 11:30:13.612082,99,28,72,GOOD,NO
2026-06-13 11:30:16.621086,93,22,51,GOOD,NO
2026-06-13 11:30:19.629135,490,38,41,HAZARDOUS,YES
2026-06-13 11:30:22.637083,480,33,39,HAZARDOUS,YES
2026-06-13 11:30:25.655134,121,26,90,MODERATE,NO
2026-06-13 11:30:28.669083,208,36,88,POOR,YES
2026-06-13 11:30:31.686084,121,20,84,MODERATE,NO
2026-06-13 11:30:34.690136,76,31,67,GOOD,NO
2026-06-13 11:30:37.705086,174,35,38,MODERATE,NO
2026-06-13 11:30:40.720082,378,35,73,HAZARDOUS,YES
2026-06-13 11:30:43.731086,334,30,44,POOR,YES
2026-06-13 11:30:46.734130,358,35,74,HAZARDOUS,YES
2026-06-13 11:30:49.748131,375,21,86,HAZARDOUS,YES
2026-06-13 11:30:52.758089,246,23,84,POOR,YES
2026-06-13 11:30:55.768083,210,38,81,POOR,YES
2026-06-13 11:30:58.774086,287,20,58,POOR,YES
2026-06-13 11:31:01.790083,464,21,82,HAZARDOUS,YES
2026-06-13 11:31:04.804082,139,34,79,MODERATE,NO
2026-06-13 11:31:07.820086,170,30,33,MODERATE,NO
2026-06-13 11:31:10.838082,255,30,41,POOR,YES
2026-06-13 11:31:13.844095,313,22,42,POOR,YES
2026-06-13 11:31:16.856084,290,33,48,POOR,YES
2026-06-13 11:31:19.876090,386,29,67,HAZARDOUS,YES
2026-06-13 11:31:22.888090,131,22,86,MODERATE,NO
2026-06-13 11:31:25.902086,132,33,40,MODERATE,NO
2026-06-13 11:31:28.918083,492,21,58,HAZARDOUS,YES
2026-06-13 11:31:31.924083,376,30,31,HAZARDOUS,YES
2026-06-13 11:31:34.938086,184,38,51,MODERATE,NO
2026-06-13 11:31:37.946084,176,22,75,MODERATE,NO
2026-06-13 11:31:40.964133,149,19,38,MODERATE,NO
2026-06-13 11:31:43.978085,129,27,46,MODERATE,NO
2026-06-13 11:31:46.984088,407,37,83,HAZARDOUS,YES
2026-06-13 11:31:49.992126,320,33,56,POOR,YES
2026-06-13 11:31:52.995085,93,39,73,GOOD,NO
2026-06-13 11:31:56.001086,222,27,62,POOR,YES
2026-06-13 11:31:59.005090,146,37,37,MODERATE,NO
2026-06-13 11:32:02.013087,383,19,37,HAZARDOUS,YES
2026-06-13 11:32:05.019084,395,35,46,HAZARDOUS,YES
2026-06-13 11:32:08.039097,75,39,61,GOOD,NO
2026-06-13 11:32:11.045087,335,39,34,POOR,YES
2026-06-13 11:32:14.053135,59,25,35,GOOD,NO
2026-06-13 11:32:17.063122,325,40,75,POOR,YES
2026-06-13 11:32:20.071086,257,29,47,POOR,YES
2026-06-13 11:32:23.077082,143,29,48,MODERATE,NO
2026-06-13 11:32:26.082131,428,19,87,HAZARDOUS,YES
2026-06-13 11:32:29.096085,461,23,89,HAZARDOUS,YES
2026-06-13 11:32:32.112085,304,28,86,POOR,YES
2026-06-13 11:32:35.124138,127,23,59,MODERATE,NO
2026-06-13 11:32:38.138095,220,19,69,POOR,YES
2026-06-13 11:32:41.158083,292,18,83,POOR,YES
2026-06-13 11:32:44.168102,269,23,79,POOR,YES
2026-06-13 11:32:47.192092,50,35,84,GOOD,NO
2026-06-13 11:32:50.206095,389,37,86,HAZARDOUS,YES
2026-06-13 11:32:53.222082,353,38,35,HAZARDOUS,YES
2026-06-13 11:32:56.238087,151,22,53,MODERATE,NO
2026-06-13 11:32:59.256083,492,40,43,HAZARDOUS,YES
2026-06-13 11:33:02.274086,231,33,61,POOR,YES
2026-06-13 11:33:05.280084,407,33,43,HAZARDOUS,YES
2026-06-13 11:33:08.297429,306,32,55,POOR,YES
2026-06-13 11:33:11.309430,448,21,32,HAZARDOUS,YES
2026-06-13 11:33:14.317428,469,18,61,HAZARDOUS,YES
2026-06-13 11:33:17.328432,382,30,33,HAZARDOUS,YES
2026-06-13 11:33:20.343431,127,28,40,MODERATE,NO
2026-06-13 11:33:23.358443,81,23,78,GOOD,NO
2026-06-13 11:33:26.372765,401,20,34,HAZARDOUS,YES
2026-06-13 11:33:29.392757,492,32,63,HAZARDOUS,YES
2026-06-13 11:33:32.406809,303,20,68,POOR,YES
2026-06-13 11:33:35.416758,137,31,90,MODERATE,NO
2026-06-13 11:33:38.423758,81,26,43,GOOD,NO
2026-06-13 11:33:41.431761,288,26,70,POOR,YES
2026-06-13 11:33:44.437769,166,30,62,MODERATE,NO
2026-06-13 11:33:47.446758,217,18,71,POOR,YES
2026-06-13 11:33:50.461760,286,28,83,POOR,YES
2026-06-13 11:33:53.580762,430,18,55,HAZARDOUS,YES
2026-06-13 11:33:56.755757,147,24,38,MODERATE,NO
2026-06-13 11:33:59.773758,96,29,74,GOOD,NO
2026-06-13 11:34:02.776806,397,36,77,HAZARDOUS,YES
2026-06-13 11:34:05.786767,375,19,43,HAZARDOUS,YES
2026-06-13 11:34:08.872765,352,27,58,HAZARDOUS,YES
2026-06-13 11:34:11.891763,335,21,56,POOR,YES
2026-06-13 11:34:14.903757,102,30,45,MODERATE,NO
2026-06-13 11:34:17.917761,328,28,43,POOR,YES
2026-06-13 11:34:20.921803,166,31,85,MODERATE,NO
2026-06-13 11:34:23.934765,302,34,39,POOR,YES
2026-06-13 11:34:26.949759,397,31,50,HAZARDOUS,YES
2026-06-13 11:34:29.960768,497,39,56,HAZARDOUS,YES
2026-06-13 11:34:32.971763,228,26,90,POOR,YES
2026-06-13 11:34:36.025778,454,20,35,HAZARDOUS,YES
2026-06-13 11:34:39.193766,466,33,65,HAZARDOUS,YES
2026-06-13 11:34:42.214768,77,32,50,GOOD,NO
2026-06-13 11:34:45.260768,277,25,52,POOR,YES
2026-06-13 11:34:48.298780,395,33,41,HAZARDOUS,YES
2026-06-13 11:34:51.312770,251,35,49,POOR,YES
2026-06-13 11:34:54.418766,177,29,58,MODERATE,NO
2026-06-13 11:34:57.457765,113,21,31,MODERATE,NO
2026-06-13 11:35:00.475761,475,21,54,HAZARDOUS,YES
2026-06-13 11:35:03.493766,461,20,34,HAZARDOUS,YES
2026-06-13 11:35:06.505763,153,20,85,MODERATE,NO
2026-06-13 11:35:09.511761,228,30,62,POOR,YES
2026-06-13 11:35:12.527763,304,34,70,POOR,YES
2026-06-13 11:35:15.546767,232,28,60,POOR,YES
2026-06-13 11:35:18.855760,341,39,49,POOR,YES
2026-06-13 11:35:21.865767,108,21,60,MODERATE,NO
2026-06-13 11:35:24.872766,169,32,61,MODERATE,NO
2026-06-13 11:35:27.890765,175,37,44,MODERATE,NO
2026-06-13 11:35:30.910763,253,39,59,POOR,YES
2026-06-13 11:35:33.919775,419,22,81,HAZARDOUS,YES
2026-06-13 11:35:36.976765,439,22,37,HAZARDOUS,YES
2026-06-13 11:35:39.999766,149,31,47,MODERATE,NO
2026-06-13 11:35:43.021771,54,36,57,GOOD,NO
2026-06-13 11:35:46.061762,333,23,54,POOR,YES
2026-06-13 11:35:49.070767,180,35,34,MODERATE,NO
2026-06-13 11:35:52.086767,218,31,47,POOR,YES
2026-06-13 11:35:55.102769,411,27,34,HAZARDOUS,YES
2026-06-13 11:35:58.134795,299,18,76,POOR,YES
2026-06-13 11:36:01.148758,275,20,61,POOR,YES
2026-06-13 11:36:04.158774,309,25,67,POOR,YES
2026-06-13 11:36:07.169760,482,24,78,HAZARDOUS,YES
2026-06-13 11:36:10.193763,284,21,63,POOR,YES
2026-06-13 11:36:13.221762,484,19,65,HAZARDOUS,YES
2026-06-13 11:36:16.233764,149,21,82,MODERATE,NO
2026-06-13 11:36:19.322762,100,24,58,MODERATE,NO
2026-06-13 11:36:22.342768,318,40,37,POOR,YES
2026-06-13 11:36:25.363774,438,20,86,HAZARDOUS,YES
2026-06-13 11:36:28.385764,342,28,48,POOR,YES
2026-06-13 11:36:31.397761,313,19,72,POOR,YES
2026-06-13 11:36:34.406770,235,35,39,POOR,YES
2026-06-13 11:36:37.427757,167,32,80,MODERATE,NO
2026-06-13 11:36:40.445806,142,22,75,MODERATE,NO
2026-06-13 11:36:43.461763,340,19,62,POOR,YES
2026-06-13 11:36:46.480760,399,33,37,HAZARDOUS,YES
2026-06-13 11:36:49.498760,322,33,51,POOR,YES
2026-06-13 11:36:52.505757,155,28,75,MODERATE,NO
2026-06-13 11:36:55.519761,441,40,43,HAZARDOUS,YES
2026-06-13 11:36:58.533768,193,38,60,MODERATE,NO
2026-06-13 11:37:01.544813,481,38,57,HAZARDOUS,YES
2026-06-13 11:37:04.554762,143,28,57,MODERATE,NO
2026-06-13 11:37:07.564762,381,22,86,HAZARDOUS,YES
2026-06-13 11:37:10.578759,500,33,76,HAZARDOUS,YES
2026-06-13 11:37:13.587761,319,36,40,POOR,YES
2026-06-13 11:37:16.603762,326,27,59,POOR,YES
2026-06-13 11:37:19.614761,265,23,68,POOR,YES
2026-06-13 11:37:22.624758,119,21,72,MODERATE,NO
2026-06-13 11:37:25.637759,251,23,60,POOR,YES
2026-06-13 11:37:28.645763,162,35,32,MODERATE,NO
2026-06-13 11:37:31.665759,492,25,53,HAZARDOUS,YES
2026-06-13 11:37:34.684758,162,40,52,MODERATE,NO
2026-06-13 11:37:37.690761,494,19,73,HAZARDOUS,YES
2026-06-13 11:37:40.713768,133,40,80,MODERATE,NO
2026-06-13 11:37:43.738758,275,28,45,POOR,YES
2026-06-13 11:37:46.788767,385,26,86,HAZARDOUS,YES
2026-06-13 11:37:49.837757,134,27,56,MODERATE,NO
2026-06-13 11:37:52.850760,244,22,82,POOR,YES
2026-06-13 11:37:55.868765,105,37,47,MODERATE,NO
2026-06-13 11:37:58.890763,203,40,41,POOR,YES
2026-06-13 11:38:01.904809,79,37,65,GOOD,NO
2026-06-13 11:38:04.922776,405,36,48,HAZARDOUS,YES
2026-06-13 11:38:07.940761,200,19,42,POOR,YES
2026-06-13 11:38:10.954809,447,34,59,HAZARDOUS,YES
2026-06-13 11:38:13.960760,236,30,57,POOR,YES
2026-06-13 11:38:16.970761,416,26,82,HAZARDOUS,YES
2026-06-13 11:38:19.974761,417,36,89,HAZARDOUS,YES
2026-06-13 11:38:22.978763,207,27,70,POOR,YES
2026-06-13 11:38:25.984784,112,38,87,MODERATE,NO
2026-06-13 11:38:28.998772,364,19,74,HAZARDOUS,YES
2026-06-13 11:38:32.018768,362,19,60,HAZARDOUS,YES
2026-06-13 11:38:35.054771,148,24,63,MODERATE,NO
2026-06-13 11:38:38.072814,57,34,62,GOOD,NO
2026-06-13 11:38:41.085774,363,29,86,HAZARDOUS,YES
2026-06-13 11:38:44.093758,199,28,90,MODERATE,NO
2026-06-13 11:38:47.104757,371,30,62,HAZARDOUS,YES
2026-06-13 11:38:50.110811,364,27,37,HAZARDOUS,YES
2026-06-13 11:38:53.124757,485,29,71,HAZARDOUS,YES
2026-06-13 11:38:56.138762,367,37,76,HAZARDOUS,YES
2026-06-13 11:38:59.151758,353,34,60,HAZARDOUS,YES
2026-06-13 11:39:02.156761,182,35,87,MODERATE,NO
2026-06-13 11:39:05.166809,213,22,58,POOR,YES
2026-06-13 11:39:08.172757,435,28,53,HAZARDOUS,YES
2026-06-13 11:39:11.178807,389,37,34,HAZARDOUS,YES
2026-06-13 11:39:14.194757,77,24,82,GOOD,NO
2026-06-13 11:39:17.203761,488,39,57,HAZARDOUS,YES
2026-06-13 11:39:20.210758,252,26,39,POOR,YES
2026-06-13 11:39:23.218762,65,29,80,GOOD,NO
2026-06-13 11:39:26.228762,257,35,39,POOR,YES
2026-06-13 11:39:29.246762,161,29,66,MODERATE,NO
2026-06-13 11:39:32.254761,182,18,64,MODERATE,NO
2026-06-13 11:39:35.492763,150,32,81,MODERATE,NO
2026-06-13 11:39:38.506764,272,32,90,POOR,YES
2026-06-13 11:39:41.510768,185,22,32,MODERATE,NO
2026-06-13 11:39:44.522760,420,36,51,HAZARDOUS,YES
2026-06-13 11:39:47.532780,381,38,38,HAZARDOUS,YES
2026-06-13 11:39:50.538762,460,20,34,HAZARDOUS,YES
2026-06-13 11:39:53.549764,237,29,72,POOR,YES
2026-06-13 11:39:56.556761,134,19,39,MODERATE,NO
2026-06-13 11:39:59.571758,311,38,52,POOR,YES
2026-06-13 11:40:02.691774,61,33,66,GOOD,NO
2026-06-13 11:40:05.702767,236,32,38,POOR,YES
2026-06-13 11:40:08.722975,285,31,71,POOR,YES
2026-06-13 11:40:11.739235,156,29,66,MODERATE,NO
2026-06-13 11:40:14.755319,70,20,80,GOOD,NO
2026-06-13 11:40:17.769322,323,20,58,POOR,YES
2026-06-13 11:40:20.794320,148,31,80,MODERATE,NO
2026-06-13 11:40:23.844397,287,34,83,POOR,YES
2026-06-13 11:40:26.864480,353,29,75,HAZARDOUS,YES
2026-06-13 11:40:29.880900,305,34,88,POOR,YES
2026-06-13 11:40:32.902897,416,23,76,HAZARDOUS,YES
2026-06-13 11:40:35.913333,370,39,61,HAZARDOUS,YES
2026-06-13 11:40:38.929667,443,18,39,HAZARDOUS,YES
2026-06-13 11:40:41.940677,346,32,50,POOR,YES
2026-06-13 11:40:44.952878,396,33,63,HAZARDOUS,YES
2026-06-13 11:40:47.969359,405,40,86,HAZARDOUS,YES
2026-06-13 11:40:50.977904,378,26,49,HAZARDOUS,YES
2026-06-13 11:40:53.988907,491,24,33,HAZARDOUS,YES
2026-06-13 11:40:56.994410,125,19,66,MODERATE,NO
2026-06-13 11:41:00.004353,291,23,80,POOR,YES
2026-06-13 11:41:03.035358,261,19,33,POOR,YES
2026-06-13 11:41:06.051611,110,28,35,MODERATE,NO
2026-06-13 11:41:09.066789,314,24,45,POOR,YES
2026-06-13 11:41:12.070858,261,24,54,POOR,YES
2026-06-13 11:41:15.079207,462,31,82,HAZARDOUS,YES
2026-06-13 11:41:18.097417,433,37,80,HAZARDOUS,YES
2026-06-13 11:41:21.106071,135,21,71,MODERATE,NO
2026-06-13 11:41:24.118405,479,39,75,HAZARDOUS,YES
2026-06-13 11:41:27.135246,207,28,37,POOR,YES
2026-06-13 11:41:30.173639,170,19,34,MODERATE,NO
2026-06-13 11:41:33.191538,69,31,42,GOOD,NO
2026-06-13 11:41:36.197317,179,23,54,MODERATE,NO
2026-06-13 11:41:39.220540,257,23,70,POOR,YES
2026-06-13 11:41:42.236530,175,19,78,MODERATE,NO
2026-06-13 11:41:45.241745,296,30,83,POOR,YES
2026-06-13 11:41:48.245268,167,32,36,MODERATE,NO
2026-06-13 11:41:51.261391,81,35,79,GOOD,NO
2026-06-13 11:41:54.275614,412,30,60,HAZARDOUS,YES
2026-06-13 11:41:57.293814,278,29,55,POOR,YES
2026-06-13 11:42:00.308350,120,29,76,MODERATE,NO
2026-06-13 11:42:03.312405,76,26,34,GOOD,NO
2026-06-13 11:42:06.328752,287,21,43,POOR,YES
2026-06-13 11:42:09.339594,475,31,48,HAZARDOUS,YES
2026-06-13 11:42:12.345825,189,26,36,MODERATE,NO
2026-06-13 11:42:15.360151,486,34,86,HAZARDOUS,YES
2026-06-13 11:42:18.362635,233,19,53,POOR,YES
2026-06-13 11:42:21.373027,254,36,78,POOR,YES
2026-06-13 11:42:24.391330,261,32,40,POOR,YES
2026-06-13 11:42:27.405812,86,29,45,GOOD,NO
2026-06-13 11:42:30.421630,256,25,75,POOR,YES
2026-06-13 11:42:33.428982,128,22,54,MODERATE,NO
2026-06-13 11:42:36.448904,491,31,44,HAZARDOUS,YES
2026-06-13 11:42:39.465442,61,40,68,GOOD,NO
2026-06-13 11:42:42.481159,197,26,49,MODERATE,NO
2026-06-13 11:42:45.495591,487,28,40,HAZARDOUS,YES
2026-06-13 11:42:48.502100,246,28,33,POOR,YES
2026-06-13 11:42:51.516598,367,32,38,HAZARDOUS,YES
2026-06-13 11:42:54.527242,203,32,76,POOR,YES
2026-06-13 11:42:57.531917,376,20,47,HAZARDOUS,YES
2026-06-13 11:43:00.550689,456,25,88,HAZARDOUS,YES
2026-06-13 11:43:03.567191,419,38,37,HAZARDOUS,YES
2026-06-13 11:43:06.579596,293,30,77,POOR,YES
2026-06-13 11:43:09.590344,349,27,60,POOR,YES
2026-06-13 11:43:12.608886,228,29,54,POOR,YES
2026-06-13 11:43:15.619161,128,19,78,MODERATE,NO
2026-06-13 11:43:18.637557,340,32,84,POOR,YES
2026-06-13 11:43:21.644270,232,35,83,POOR,YES
2026-06-13 11:43:24.658721,199,38,35,MODERATE,NO
2026-06-13 11:43:27.667037,94,18,70,GOOD,NO
2026-06-13 11:43:30.675244,70,29,38,GOOD,NO
2026-06-13 11:43:33.692915,315,34,68,POOR,YES
2026-06-13 11:43:36.706543,256,33,62,POOR,YES
2026-06-13 11:43:39.715218,105,26,42,MODERATE,NO
2026-06-13 11:43:42.730026,429,23,82,HAZARDOUS,YES
2026-06-13 11:43:45.745296,342,23,52,POOR,YES
2026-06-13 11:43:48.748646,272,40,49,POOR,YES
2026-06-13 11:43:51.765657,421,28,83,HAZARDOUS,YES
2026-06-13 11:43:54.771300,444,29,62,HAZARDOUS,YES
2026-06-13 11:43:57.783854,149,33,31,MODERATE,NO
2026-06-13 11:44:00.804097,214,32,83,POOR,YES
2026-06-13 11:44:03.814790,120,24,80,MODERATE,NO
2026-06-13 11:44:06.821094,280,34,87,POOR,YES
2026-06-13 11:44:09.832543,100,27,67,MODERATE,NO
2026-06-13 11:44:12.851012,98,27,88,GOOD,NO
2026-06-13 11:44:15.862065,367,23,71,HAZARDOUS,YES
2026-06-13 11:44:18.875505,106,38,75,MODERATE,NO
2026-06-13 11:44:21.893832,73,29,63,GOOD,NO
2026-06-13 11:44:24.910032,412,32,82,HAZARDOUS,YES
2026-06-13 11:44:27.914791,200,18,55,POOR,YES
2026-06-13 11:44:30.927571,367,36,87,HAZARDOUS,YES
2026-06-13 11:44:33.942297,490,40,47,HAZARDOUS,YES
2026-06-13 11:44:36.954533,488,30,59,HAZARDOUS,YES
2026-06-13 11:44:39.961226,436,31,76,HAZARDOUS,YES
2026-06-13 11:44:42.969764,184,31,56,MODERATE,NO
2026-06-13 11:44:46.052191,51,26,58,GOOD,NO
2026-06-13 11:44:49.061404,134,27,62,MODERATE,NO
2026-06-13 11:44:52.078593,194,38,33,MODERATE,NO
2026-06-13 11:44:55.083350,174,30,53,MODERATE,NO
2026-06-13 11:44:58.101101,395,36,32,HAZARDOUS,YES
2026-06-13 11:45:01.114999,406,37,64,HAZARDOUS,YES
2026-06-13 11:45:04.119471,229,22,47,POOR,YES
2026-06-13 11:45:07.137409,482,24,39,HAZARDOUS,YES
2026-06-13 11:45:10.147836,127,31,48,MODERATE,NO
2026-06-13 11:45:13.152115,168,27,72,MODERATE,NO
2026-06-13 11:45:16.173047,229,18,85,POOR,YES
2026-06-13 11:45:19.185721,198,34,45,MODERATE,NO
2026-06-13 11:45:22.198152,92,37,31,GOOD,NO
2026-06-13 11:45:25.204704,118,36,76,MODERATE,NO
2026-06-13 11:45:28.209318,415,31,89,HAZARDOUS,YES
2026-06-13 11:45:31.227673,277,19,48,POOR,YES
2026-06-13 11:45:34.240275,327,27,86,POOR,YES
2026-06-13 11:45:37.263477,295,38,36,POOR,YES
2026-06-13 11:45:40.278693,133,40,80,MODERATE,NO
2026-06-13 11:45:43.290303,304,23,35,POOR,YES
2026-06-13 11:45:46.303847,220,23,71,POOR,YES
2026-06-13 11:45:49.312415,116,20,53,MODERATE,NO
2026-06-13 11:45:52.326148,169,21,33,MODERATE,NO
2026-06-13 11:45:55.333488,368,21,33,HAZARDOUS,YES
2026-06-13 11:45:58.341420,116,28,47,MODERATE,NO
2026-06-13 11:46:01.368502,170,24,56,MODERATE,NO
2026-06-13 11:46:04.468501,165,26,47,MODERATE,NO
2026-06-13 11:46:07.532506,217,18,37,POOR,YES
2026-06-13 11:46:10.538512,339,24,82,POOR,YES
2026-06-13 11:46:13.546807,181,30,40,MODERATE,NO
2026-06-13 11:46:16.557065,240,25,42,POOR,YES
2026-06-13 11:46:19.572996,151,18,88,MODERATE,NO
2026-06-13 11:46:22.591055,303,35,50,POOR,YES
2026-06-13 11:46:25.599183,271,19,56,POOR,YES
2026-06-13 11:46:28.607354,333,19,55,POOR,YES
2026-06-13 11:46:31.626546,199,40,87,MODERATE,NO
2026-06-13 11:46:34.643545,350,26,88,HAZARDOUS,YES
2026-06-13 11:46:37.657716,89,30,48,GOOD,NO
2026-06-13 11:46:40.672013,180,23,83,MODERATE,NO
2026-06-13 11:46:43.679360,82,40,80,GOOD,NO
2026-06-13 11:46:46.684381,428,33,42,HAZARDOUS,YES
2026-06-13 11:46:49.696684,432,22,47,HAZARDOUS,YES
2026-06-13 11:46:52.711049,405,26,65,HAZARDOUS,YES
2026-06-13 11:46:55.719530,120,34,80,MODERATE,NO
2026-06-13 11:46:58.743612,208,22,80,POOR,YES
2026-06-13 11:47:01.750779,139,19,82,MODERATE,NO
2026-06-13 11:47:04.766155,395,25,67,HAZARDOUS,YES
2026-06-13 11:47:07.771300,425,38,78,HAZARDOUS,YES
2026-06-13 11:47:10.781449,160,38,30,MODERATE,NO
2026-06-13 11:47:13.797762,439,38,33,HAZARDOUS,YES
2026-06-13 11:47:16.905996,482,35,89,HAZARDOUS,YES
2026-06-13 11:47:19.973297,131,30,76,MODERATE,NO
2026-06-13 11:47:22.985753,137,33,55,MODERATE,NO
2026-06-13 11:47:26.002188,436,37,35,HAZARDOUS,YES
2026-06-13 11:47:29.015159,232,20,48,POOR,YES
2026-06-13 11:47:32.031725,284,27,34,POOR,YES
2026-06-13 11:47:35.040107,113,32,86,MODERATE,NO
2026-06-13 11:47:38.056687,419,28,61,HAZARDOUS,YES
2026-06-13 11:47:41.075166,53,35,60,GOOD,NO
2026-06-13 11:47:44.096108,375,24,63,HAZARDOUS,YES
2026-06-13 11:47:47.116269,441,22,67,HAZARDOUS,YES
2026-06-13 11:47:50.126695,350,28,81,HAZARDOUS,YES
2026-06-13 11:47:53.146993,415,36,72,HAZARDOUS,YES
2026-06-13 11:47:56.154164,174,22,73,MODERATE,NO
2026-06-13 11:47:59.172240,281,25,67,POOR,YES
2026-06-13 11:48:02.182445,146,33,62,MODERATE,NO
2026-06-13 11:48:05.200491,397,37,56,HAZARDOUS,YES
2026-06-13 11:48:08.210692,416,31,34,HAZARDOUS,YES
2026-06-13 11:48:11.216790,415,37,76,HAZARDOUS,YES
2026-06-13 11:48:14.226782,386,18,32,HAZARDOUS,YES
2026-06-13 11:48:17.243202,289,32,75,POOR,YES
2026-06-13 11:48:20.250457,345,36,56,POOR,YES
2026-06-13 11:48:23.264791,421,40,39,HAZARDOUS,YES
2026-06-13 11:48:26.289241,457,36,31,HAZARDOUS,YES
2026-06-13 11:48:29.308809,173,35,41,MODERATE,NO
2026-06-13 11:48:32.320147,282,23,73,POOR,YES
2026-06-13 11:48:35.339147,450,40,31,HAZARDOUS,YES
2026-06-13 11:48:38.411552,81,29,33,GOOD,NO
2026-06-13 11:48:41.419726,215,33,46,POOR,YES
2026-06-13 11:48:44.439124,413,25,35,HAZARDOUS,YES
2026-06-13 11:48:47.454261,452,24,30,HAZARDOUS,YES
2026-06-13 11:48:50.472516,138,39,54,MODERATE,NO
2026-06-13 11:48:53.485241,433,32,31,HAZARDOUS,YES
2026-06-13 11:48:56.492262,324,19,50,POOR,YES
2026-06-13 11:48:59.517799,404,18,34,HAZARDOUS,YES
2026-06-13 11:49:02.538157,399,40,61,HAZARDOUS,YES
2026-06-13 11:49:05.554847,122,20,39,MODERATE,NO
2026-06-13 11:49:08.569237,192,32,60,MODERATE,NO
2026-06-13 11:49:11.583695,237,18,76,POOR,YES
2026-06-13 11:49:14.600234,218,25,79,POOR,YES
2026-06-13 11:49:17.616033,82,32,89,GOOD,NO
2026-06-13 11:49:20.634860,381,35,54,HAZARDOUS,YES
2026-06-13 11:49:23.642001,369,24,75,HAZARDOUS,YES
2026-06-13 11:49:26.658426,456,35,40,HAZARDOUS,YES
2026-06-13 11:49:29.662664,216,18,46,POOR,YES
2026-06-13 11:49:32.679975,355,30,39,HAZARDOUS,YES
2026-06-13 11:49:35.699208,428,23,31,HAZARDOUS,YES
2026-06-13 11:49:38.715207,438,26,87,HAZARDOUS,YES
2026-06-13 11:49:41.735378,285,18,75,POOR,YES
2026-06-13 11:49:44.746753,332,37,47,POOR,YES
2026-06-13 11:49:47.763892,476,32,81,HAZARDOUS,YES
2026-06-13 11:49:50.777893,471,25,54,HAZARDOUS,YES
2026-06-13 11:49:53.794893,469,23,38,HAZARDOUS,YES
2026-06-13 11:49:56.810890,342,30,89,POOR,YES
2026-06-13 11:49:59.828980,146,36,64,MODERATE,NO
2026-06-13 11:50:02.860064,455,27,34,HAZARDOUS,YES
2026-06-13 11:50:05.912066,273,38,63,POOR,YES
2026-06-13 11:50:08.991066,85,32,49,GOOD,NO
2026-06-13 11:50:12.018068,91,30,78,GOOD,NO
2026-06-13 11:50:15.038246,101,31,62,MODERATE,NO
2026-06-13 11:50:18.050245,103,23,36,MODERATE,NO
2026-06-13 11:50:21.070255,419,33,51,HAZARDOUS,YES
2026-06-13 11:50:24.079356,374,25,40,HAZARDOUS,YES
2026-06-13 11:50:27.100351,301,35,71,POOR,YES
2026-06-13 11:50:30.113471,365,36,53,HAZARDOUS,YES
2026-06-13 11:50:33.130562,410,37,49,HAZARDOUS,YES
2026-06-13 11:50:36.150560,409,35,89,HAZARDOUS,YES
2026-06-13 11:50:39.183557,363,40,83,HAZARDOUS,YES
2026-06-13 11:50:42.235563,211,23,41,POOR,YES
2026-06-13 11:50:45.249654,288,21,88,POOR,YES
2026-06-13 11:50:48.264839,278,34,31,POOR,YES
2026-06-13 11:50:51.291928,92,33,89,GOOD,NO
2026-06-13 11:50:54.335929,182,34,35,MODERATE,NO
2026-06-13 11:50:57.384926,299,32,35,POOR,YES
2026-06-13 11:51:00.409937,497,22,48,HAZARDOUS,YES
2026-06-13 11:51:03.427008,324,37,48,POOR,YES
2026-06-13 11:51:06.448006,160,34,47,MODERATE,NO
2026-06-13 11:51:09.470139,102,20,58,MODERATE,NO
2026-06-13 11:51:12.485462,425,35,69,HAZARDOUS,YES
2026-06-13 11:51:15.495464,386,33,35,HAZARDOUS,YES
2026-06-13 11:51:18.501816,167,27,36,MODERATE,NO
2026-06-13 11:51:21.512603,278,26,30,POOR,YES
2026-06-13 11:51:24.533966,390,26,80,HAZARDOUS,YES
2026-06-13 11:51:27.546436,220,30,36,POOR,YES
2026-06-13 11:51:30.551702,117,39,89,MODERATE,NO
2026-06-13 11:51:33.573849,72,25,53,GOOD,NO
2026-06-13 11:51:36.581532,219,25,58,POOR,YES
2026-06-13 11:51:39.597088,339,32,39,POOR,YES
2026-06-13 11:51:42.606160,393,19,90,HAZARDOUS,YES
2026-06-13 11:51:45.621950,200,34,31,POOR,YES
2026-06-13 11:51:48.636974,107,21,81,MODERATE,NO
2026-06-13 11:51:51.656157,416,29,71,HAZARDOUS,YES
2026-06-13 11:51:54.664617,207,33,71,POOR,YES
2026-06-13 11:51:57.675618,390,36,32,HAZARDOUS,YES
2026-06-13 11:52:00.682965,457,25,67,HAZARDOUS,YES
2026-06-13 11:52:03.698959,101,28,43,MODERATE,NO
2026-06-13 11:52:06.712959,132,20,71,MODERATE,NO
2026-06-13 11:52:09.721038,463,30,49,HAZARDOUS,YES
2026-06-13 11:52:12.749278,347,27,34,POOR,YES
2026-06-13 11:52:15.810308,91,27,32,GOOD,NO
2026-06-13 11:52:18.822283,187,28,51,MODERATE,NO
2026-06-13 11:52:21.842266,497,34,45,HAZARDOUS,YES
2026-06-13 11:52:24.849819,362,36,69,HAZARDOUS,YES
2026-06-13 11:52:27.865260,156,32,67,MODERATE,NO
2026-06-13 11:52:30.876114,147,31,52,MODERATE,NO
2026-06-13 11:52:33.880905,102,31,80,MODERATE,NO
2026-06-13 11:52:36.904228,112,28,54,MODERATE,NO
2026-06-13 11:52:39.922606,100,20,85,MODERATE,NO
2026-06-13 11:52:42.934641,248,19,71,POOR,YES
2026-06-13 11:52:45.951809,390,22,47,HAZARDOUS,YES
2026-06-13 11:52:48.974966,441,20,56,HAZARDOUS,YES
2026-06-13 11:52:51.989252,263,38,77,POOR,YES
2026-06-13 11:52:55.000890,415,30,71,HAZARDOUS,YES
2026-06-13 11:52:58.005171,187,39,74,MODERATE,NO
2026-06-13 11:53:01.022437,95,37,33,GOOD,NO
2026-06-13 11:53:04.040612,156,23,75,MODERATE,NO
2026-06-13 11:53:07.058602,94,32,60,GOOD,NO
2026-06-13 11:53:10.079593,201,21,34,POOR,YES
2026-06-13 11:53:13.094591,72,22,46,GOOD,NO
2026-06-13 11:53:16.111627,438,33,51,HAZARDOUS,YES
2026-06-13 11:53:19.135600,184,18,85,MODERATE,NO
2026-06-13 11:53:22.150650,50,36,54,GOOD,NO
2026-06-13 11:53:25.168603,100,34,54,MODERATE,NO
2026-06-13 11:53:28.274655,254,38,40,POOR,YES
2026-06-13 11:53:31.285597,84,35,33,GOOD,NO
2026-06-13 11:53:34.319688,349,29,42,POOR,YES
2026-06-13 11:53:37.330683,142,33,34,MODERATE,NO
2026-06-13 11:53:40.343949,142,32,72,MODERATE,NO
2026-06-13 11:53:43.348352,171,40,52,MODERATE,NO
2026-06-13 11:53:46.356588,417,33,83,HAZARDOUS,YES
2026-06-13 11:53:49.360978,55,22,39,GOOD,NO
2026-06-13 11:53:52.376944,309,31,65,POOR,YES
2026-06-13 11:53:55.448941,101,18,42,MODERATE,NO
2026-06-13 11:53:58.516936,451,34,64,HAZARDOUS,YES
2026-06-13 11:54:01.531247,400,26,75,HAZARDOUS,YES
2026-06-13 11:54:04.550952,170,22,36,MODERATE,NO
2026-06-13 11:54:07.567544,414,40,59,HAZARDOUS,YES
2026-06-13 11:54:10.576084,226,19,50,POOR,YES
2026-06-13 11:54:13.605074,400,20,90,HAZARDOUS,YES
2026-06-13 11:54:16.622076,88,21,50,GOOD,NO
2026-06-13 11:54:19.648082,302,31,52,POOR,YES
2026-06-13 11:54:22.669074,488,25,38,HAZARDOUS,YES
2026-06-13 11:54:25.689075,123,38,84,MODERATE,NO
2026-06-13 11:54:28.705073,163,19,89,MODERATE,NO
2026-06-13 11:54:31.720207,453,24,62,HAZARDOUS,YES
2026-06-13 11:54:34.726687,220,18,32,POOR,YES
2026-06-13 11:54:37.742188,455,33,58,HAZARDOUS,YES
2026-06-13 11:54:40.746718,201,35,76,POOR,YES
2026-06-13 11:54:43.765044,316,35,56,POOR,YES
2026-06-13 11:54:46.776148,155,21,67,MODERATE,NO
2026-06-13 11:54:49.791540,397,40,35,HAZARDOUS,YES
2026-06-13 11:54:52.804637,57,36,85,GOOD,NO
2026-06-13 11:54:55.822224,97,28,62,GOOD,NO
2026-06-13 11:54:58.840338,113,18,75,MODERATE,NO
2026-06-13 11:55:01.849416,455,31,43,HAZARDOUS,YES
2026-06-13 11:55:04.854882,74,20,73,GOOD,NO
2026-06-13 11:55:07.864041,496,38,81,HAZARDOUS,YES
2026-06-13 11:55:10.869313,416,39,70,HAZARDOUS,YES
2026-06-13 11:55:13.887584,64,40,34,GOOD,NO
2026-06-13 11:55:16.905676,115,27,41,MODERATE,NO
2026-06-13 11:55:19.914467,378,38,59,HAZARDOUS,YES
2026-06-13 11:55:22.923019,496,19,54,HAZARDOUS,YES
2026-06-13 11:55:25.942579,144,31,52,MODERATE,NO
2026-06-13 11:55:28.950465,361,22,43,HAZARDOUS,YES
2026-06-13 11:55:31.964495,478,26,88,HAZARDOUS,YES
2026-06-13 11:55:34.973368,150,35,68,MODERATE,NO
2026-06-13 11:55:37.985546,177,29,68,MODERATE,NO
2026-06-13 11:55:41.000956,281,39,81,POOR,YES
2026-06-13 11:55:44.023117,363,36,66,HAZARDOUS,YES
2026-06-13 11:55:47.039624,309,30,77,POOR,YES
2026-06-13 11:55:50.055923,252,20,43,POOR,YES
2026-06-13 11:55:53.065490,386,27,83,HAZARDOUS,YES
2026-06-13 11:55:56.083973,364,23,62,HAZARDOUS,YES
2026-06-13 11:55:59.090403,200,34,32,POOR,YES
2026-06-13 11:56:02.106679,154,19,41,MODERATE,NO
2026-06-13 11:56:05.127106,320,18,66,POOR,YES
2026-06-13 11:56:08.146430,325,34,86,POOR,YES
2026-06-13 11:56:11.154748,458,21,52,HAZARDOUS,YES
2026-06-13 11:56:14.165881,237,29,56,POOR,YES
2026-06-13 11:56:17.209845,82,24,51,GOOD,NO
2026-06-13 11:56:20.217203,75,19,51,GOOD,NO
2026-06-13 11:56:23.230201,73,29,46,GOOD,NO
2026-06-13 11:56:26.274209,135,22,48,MODERATE,NO
2026-06-13 11:56:29.707503,180,19,43,MODERATE,NO
2026-06-13 11:56:32.733827,305,19,76,POOR,YES
2026-06-13 11:56:35.746288,59,24,77,GOOD,NO
2026-06-13 11:56:38.758514,193,29,44,MODERATE,NO
2026-06-13 11:56:41.769805,143,22,70,MODERATE,NO
2026-06-13 11:56:44.775408,302,26,85,POOR,YES
2026-06-13 11:56:47.785564,403,35,37,HAZARDOUS,YES
2026-06-13 11:56:50.795559,266,33,78,POOR,YES
2026-06-13 11:56:53.811801,253,39,65,POOR,YES
2026-06-13 11:56:56.821889,445,23,84,HAZARDOUS,YES
2026-06-13 11:56:59.851886,310,25,34,POOR,YES
2026-06-13 11:57:02.898887,377,38,90,HAZARDOUS,YES
2026-06-13 11:57:05.903886,401,24,42,HAZARDOUS,YES
2026-06-13 11:57:08.984066,453,26,69,HAZARDOUS,YES
2026-06-13 11:57:12.084069,198,26,38,MODERATE,NO
2026-06-13 11:57:15.096157,170,40,32,MODERATE,NO
2026-06-13 11:57:18.129152,63,26,87,GOOD,NO
2026-06-13 11:57:21.139156,167,27,73,MODERATE,NO
2026-06-13 11:57:24.157410,269,25,55,POOR,YES
2026-06-13 11:57:27.183950,125,23,75,MODERATE,NO
2026-06-13 11:57:30.188990,324,34,73,POOR,YES
2026-06-13 11:57:33.199330,214,28,73,POOR,YES
2026-06-13 11:57:36.223333,169,22,34,MODERATE,NO
2026-06-13 11:57:39.275334,452,28,72,HAZARDOUS,YES
2026-06-13 11:57:42.291703,484,33,63,HAZARDOUS,YES
2026-06-13 11:57:45.300726,264,30,34,POOR,YES
2026-06-13 11:57:48.313980,182,26,74,MODERATE,NO
2026-06-13 11:57:51.330285,179,35,75,MODERATE,NO
2026-06-13 11:57:54.346610,309,22,84,POOR,YES
2026-06-13 11:57:57.356654,428,31,56,HAZARDOUS,YES
2026-06-13 11:58:00.374656,495,18,76,HAZARDOUS,YES
2026-06-13 11:58:03.389650,394,31,66,HAZARDOUS,YES
2026-06-13 11:58:06.399681,483,37,72,HAZARDOUS,YES
2026-06-13 11:58:09.427664,164,27,68,MODERATE,NO
2026-06-13 11:58:12.661738,179,28,40,MODERATE,NO
2026-06-13 11:58:15.683736,394,21,84,HAZARDOUS,YES
2026-06-13 11:58:18.698831,409,25,70,HAZARDOUS,YES
2026-06-13 11:58:21.719474,194,20,88,MODERATE,NO
2026-06-13 11:58:24.732146,476,39,30,HAZARDOUS,YES
2026-06-13 11:58:27.748895,158,19,86,MODERATE,NO
2026-06-13 11:58:30.761333,450,38,55,HAZARDOUS,YES
2026-06-13 11:58:33.784681,369,40,56,HAZARDOUS,YES
2026-06-13 11:58:36.792193,270,40,72,POOR,YES
2026-06-13 11:58:39.796313,470,33,49,HAZARDOUS,YES
2026-06-13 11:58:42.804510,102,24,65,MODERATE,NO
2026-06-13 11:58:45.809839,394,29,34,HAZARDOUS,YES
2026-06-13 11:58:48.834859,359,19,34,HAZARDOUS,YES
2026-06-13 11:58:51.847930,117,24,30,MODERATE,NO
2026-06-13 11:58:54.865089,52,40,84,GOOD,NO
2026-06-13 11:58:57.879085,165,24,74,MODERATE,NO
2026-06-13 11:59:00.936088,96,30,37,GOOD,NO
2026-06-13 11:59:04.095085,219,33,30,POOR,YES
2026-06-13 11:59:07.102284,418,21,81,HAZARDOUS,YES
2026-06-13 11:59:10.123454,185,26,84,MODERATE,NO
2026-06-13 11:59:13.144541,205,28,31,POOR,YES
2026-06-13 11:59:16.150882,445,27,73,HAZARDOUS,YES
2026-06-13 11:59:19.234144,410,35,86,HAZARDOUS,YES
2026-06-13 11:59:22.854318,294,29,33,POOR,YES
2026-06-13 11:59:25.870457,378,18,69,HAZARDOUS,YES
2026-06-13 11:59:28.878833,317,27,49,POOR,YES
2026-06-13 11:59:31.890021,111,40,52,MODERATE,NO
2026-06-13 11:59:34.902662,178,32,74,MODERATE,NO
2026-06-13 11:59:37.921169,181,25,90,MODERATE,NO
2026-06-13 11:59:40.954149,325,35,40,POOR,YES
2026-06-13 11:59:43.969340,170,32,40,MODERATE,NO
2026-06-13 11:59:46.989725,169,24,46,MODERATE,NO
2026-06-13 11:59:49.999715,81,27,69,GOOD,NO
2026-06-13 11:59:53.003796,142,18,33,MODERATE,NO
2026-06-13 11:59:56.025025,476,32,70,HAZARDOUS,YES
2026-06-13 11:59:59.032847,240,20,76,POOR,YES
2026-06-13 12:00:02.041979,337,36,87,POOR,YES
2026-06-13 12:00:05.054239,124,38,70,MODERATE,NO
2026-06-13 12:00:08.066561,224,19,30,POOR,YES
2026-06-13 12:00:11.094844,451,37,72,HAZARDOUS,YES
2026-06-13 12:00:14.114983,370,24,87,HAZARDOUS,YES
2026-06-13 12:00:17.125102,465,33,50,HAZARDOUS,YES
2026-06-13 12:00:20.141353,468,25,49,HAZARDOUS,YES
2026-06-13 12:00:23.155521,125,34,40,MODERATE,NO
2026-06-13 12:00:26.186522,247,26,42,POOR,YES
2026-06-13 12:00:29.219763,437,39,64,HAZARDOUS,YES
2026-06-13 12:00:32.252846,280,20,71,POOR,YES
2026-06-13 12:00:35.268853,254,33,65,POOR,YES
2026-06-13 12:00:38.286924,465,22,53,HAZARDOUS,YES
2026-06-13 12:00:41.295361,220,25,79,POOR,YES
2026-06-13 12:00:44.304695,284,18,85,POOR,YES
2026-06-13 12:00:47.319909,273,37,63,POOR,YES
2026-06-13 12:00:50.336596,306,32,69,POOR,YES
2026-06-13 12:00:53.347921,399,26,63,HAZARDOUS,YES
2026-06-13 12:00:56.367192,450,37,37,HAZARDOUS,YES
2026-06-13 12:00:59.375465,388,33,44,HAZARDOUS,YES
2026-06-13 12:01:02.393626,333,40,75,POOR,YES
2026-06-13 12:01:05.409970,333,34,52,POOR,YES
2026-06-13 12:01:08.422028,114,29,30,MODERATE,NO
2026-06-13 12:01:11.434155,334,22,70,POOR,YES
2026-06-13 12:01:14.438429,103,35,51,MODERATE,NO
2026-06-13 12:01:17.457594,345,28,34,POOR,YES
2026-06-13 12:01:20.466863,438,33,74,HAZARDOUS,YES
2026-06-13 12:01:23.483857,231,32,82,POOR,YES
2026-06-13 12:01:26.495048,485,34,40,HAZARDOUS,YES
2026-06-13 12:01:29.506512,282,40,46,POOR,YES
2026-06-13 12:01:32.521497,281,24,32,POOR,YES
2026-06-13 12:01:35.539495,500,20,74,HAZARDOUS,YES
2026-06-13 12:01:38.555732,177,37,48,MODERATE,NO
2026-06-13 12:01:41.562780,123,26,31,MODERATE,NO
2026-06-13 12:01:44.572725,82,18,55,GOOD,NO
2026-06-13 12:01:47.576820,269,27,67,POOR,YES
2026-06-13 12:01:50.587054,472,32,35,HAZARDOUS,YES
2026-06-13 12:01:53.595179,190,20,76,MODERATE,NO
2026-06-13 12:01:56.605358,415,38,65,HAZARDOUS,YES
2026-06-13 12:01:59.623449,167,38,77,MODERATE,NO
2026-06-13 12:02:02.641509,471,24,51,HAZARDOUS,YES
2026-06-13 12:02:05.651525,185,23,52,MODERATE,NO
2026-06-13 12:02:08.669851,212,35,66,POOR,YES
2026-06-13 12:02:11.682040,328,35,37,POOR,YES
2026-06-13 12:02:14.686414,275,40,46,POOR,YES
2026-06-13 12:02:17.695409,303,21,82,POOR,YES
2026-06-13 12:02:20.705580,234,32,73,POOR,YES
2026-06-13 12:02:23.723580,101,37,87,MODERATE,NO
2026-06-13 12:02:26.737743,308,27,89,POOR,YES
2026-06-13 12:02:29.753834,247,32,53,POOR,YES
2026-06-13 12:02:32.773007,281,25,80,POOR,YES
2026-06-13 12:02:35.777244,263,24,52,POOR,YES
2026-06-13 12:02:38.817367,396,25,88,HAZARDOUS,YES
2026-06-13 12:02:41.825608,161,36,58,MODERATE,NO
2026-06-13 12:02:44.835864,266,39,37,POOR,YES
2026-06-13 12:02:47.848119,161,32,67,MODERATE,NO
2026-06-13 12:02:50.862443,213,24,88,POOR,YES
2026-06-13 12:02:53.875577,294,34,71,POOR,YES
2026-06-13 12:02:56.885678,259,38,56,POOR,YES
2026-06-13 12:02:59.895854,105,40,64,MODERATE,NO
2026-06-13 12:03:02.901044,387,38,80,HAZARDOUS,YES
2026-06-13 12:03:05.917274,281,21,46,POOR,YES
2026-06-13 12:03:08.928384,193,34,32,MODERATE,NO
2026-06-13 12:03:11.938700,220,34,35,POOR,YES
2026-06-13 12:03:14.944761,343,32,81,POOR,YES
2026-06-13 12:03:17.953075,61,33,45,GOOD,NO
2026-06-13 12:03:20.964157,435,32,81,HAZARDOUS,YES
2026-06-13 12:03:23.970157,54,40,65,GOOD,NO
2026-06-13 12:03:26.974618,429,36,71,HAZARDOUS,YES
2026-06-13 12:03:29.992636,413,21,45,HAZARDOUS,YES
2026-06-13 12:03:33.014718,265,26,61,POOR,YES
2026-06-13 12:03:36.032916,167,27,61,MODERATE,NO
2026-06-13 12:03:39.040037,226,23,83,POOR,YES
2026-06-13 12:03:42.046128,259,34,54,POOR,YES
2026-06-13 12:03:45.054137,255,35,66,POOR,YES
2026-06-13 12:03:48.070339,274,24,83,POOR,YES
2026-06-13 12:03:51.082587,251,33,38,POOR,YES
2026-06-13 12:03:54.096676,283,20,40,POOR,YES
2026-06-13 12:03:57.108794,59,34,54,GOOD,NO
2026-06-13 12:04:00.122063,459,38,55,HAZARDOUS,YES
2026-06-13 12:04:03.142067,295,40,37,POOR,YES
2026-06-13 12:04:06.148127,170,35,68,MODERATE,NO
2026-06-13 12:04:09.166060,124,20,47,MODERATE,NO
2026-06-13 12:04:12.179121,234,27,55,POOR,YES
2026-06-13 12:04:15.190668,188,27,51,MODERATE,NO
2026-06-13 12:04:18.200662,80,39,60,GOOD,NO
2026-06-13 12:04:21.215948,205,25,62,POOR,YES
2026-06-13 12:04:24.221947,165,29,37,MODERATE,NO
2026-06-13 12:04:27.230028,243,40,51,POOR,YES
2026-06-13 12:04:30.242230,95,29,58,GOOD,NO
2026-06-13 12:04:33.248180,422,25,59,HAZARDOUS,YES
2026-06-13 12:04:36.264288,301,32,79,POOR,YES
2026-06-13 12:04:39.272435,377,32,63,HAZARDOUS,YES
2026-06-13 12:04:42.278729,340,30,61,POOR,YES
2026-06-13 12:04:45.296857,344,40,70,POOR,YES
2026-06-13 12:04:48.313943,316,27,83,POOR,YES
2026-06-13 12:04:51.330880,308,34,41,POOR,YES
2026-06-13 12:04:54.344039,442,39,33,HAZARDOUS,YES
2026-06-13 12:04:57.355358,456,36,79,HAZARDOUS,YES
2026-06-13 12:05:00.367468,323,30,88,POOR,YES
2026-06-13 12:05:03.383559,447,28,49,HAZARDOUS,YES
2026-06-13 12:05:06.389895,164,29,85,MODERATE,NO
2026-06-13 12:05:09.395843,285,35,71,POOR,YES
2026-06-13 12:05:12.402030,249,35,54,POOR,YES
2026-06-13 12:05:15.414088,392,27,35,HAZARDOUS,YES
2026-06-13 12:05:18.436125,306,32,54,POOR,YES
2026-06-13 12:05:21.440208,80,23,32,GOOD,NO
2026-06-13 12:05:24.446297,490,22,83,HAZARDOUS,YES
2026-06-13 12:05:27.453443,316,21,65,POOR,YES
2026-06-13 12:05:30.471479,341,30,83,POOR,YES
2026-06-13 12:05:33.483567,493,40,67,HAZARDOUS,YES
2026-06-13 12:05:36.492603,430,21,43,HAZARDOUS,YES
2026-06-13 12:05:39.512046,358,36,52,HAZARDOUS,YES
2026-06-13 12:05:42.518044,477,36,39,HAZARDOUS,YES
2026-06-13 12:05:45.529184,152,31,50,MODERATE,NO
2026-06-13 12:05:48.545319,454,28,46,HAZARDOUS,YES
2026-06-13 12:05:51.561405,153,19,69,MODERATE,NO
2026-06-13 12:05:54.578421,102,18,74,MODERATE,NO
2026-06-13 12:05:57.582463,120,19,30,MODERATE,NO
2026-06-13 12:06:00.588574,194,36,80,MODERATE,NO
2026-06-13 12:06:03.605862,179,20,54,MODERATE,NO
2026-06-13 12:06:06.621320,53,19,83,GOOD,NO
2026-06-13 12:06:09.639352,323,25,58,POOR,YES
2026-06-13 12:06:12.657524,91,22,73,GOOD,NO
2026-06-13 12:06:15.665700,141,31,44,MODERATE,NO
2026-06-13 12:06:18.675844,464,37,30,HAZARDOUS,YES
2026-06-13 12:06:21.680021,98,21,74,GOOD,NO
2026-06-13 12:06:24.687967,479,19,50,HAZARDOUS,YES
2026-06-13 12:06:27.702566,190,40,82,MODERATE,NO
2026-06-13 12:06:30.708316,312,18,72,POOR,YES
2026-06-13 12:06:33.716623,200,20,49,POOR,YES
2026-06-13 12:06:36.720778,349,21,34,POOR,YES
2026-06-13 12:06:39.732015,202,38,40,POOR,YES
2026-06-13 12:06:42.746653,359,31,89,HAZARDOUS,YES
2026-06-13 12:06:45.758962,358,21,69,HAZARDOUS,YES
2026-06-13 12:06:48.767558,495,40,52,HAZARDOUS,YES
2026-06-13 12:06:51.775645,348,27,60,POOR,YES
2026-06-13 12:06:54.807826,228,23,52,POOR,YES
2026-06-13 12:06:57.905821,396,22,43,HAZARDOUS,YES
2026-06-13 12:07:00.917129,419,35,64,HAZARDOUS,YES
2026-06-13 12:07:03.935134,171,34,52,MODERATE,NO
2026-06-13 12:07:06.941888,100,31,63,MODERATE,NO
2026-06-13 12:07:09.961835,100,24,40,MODERATE,NO
2026-06-13 12:07:12.982824,346,33,49,POOR,YES
2026-06-13 12:07:16.016019,105,21,59,MODERATE,NO
2026-06-13 12:07:19.034199,478,30,41,HAZARDOUS,YES
2026-06-13 12:07:22.046647,114,30,57,MODERATE,NO
2026-06-13 12:07:25.054168,314,29,86,POOR,YES
2026-06-13 12:07:28.070352,358,18,50,HAZARDOUS,YES
2026-06-13 12:07:31.078679,417,34,37,HAZARDOUS,YES
2026-06-13 12:07:34.094911,81,31,72,GOOD,NO
2026-06-13 12:07:37.115392,250,36,43,POOR,YES
2026-06-13 12:07:40.128488,331,23,64,POOR,YES
2026-06-13 12:07:43.149484,405,39,54,HAZARDOUS,YES
2026-06-13 12:07:46.167725,219,29,90,POOR,YES
2026-06-13 12:07:49.184081,259,24,82,POOR,YES
2026-06-13 12:07:52.190290,376,31,41,HAZARDOUS,YES
2026-06-13 12:07:55.202597,268,22,65,POOR,YES
2026-06-13 12:07:58.214632,71,40,34,GOOD,NO
2026-06-13 12:08:01.226672,273,18,59,POOR,YES
2026-06-13 12:08:04.233872,295,31,86,POOR,YES
2026-06-13 12:08:07.242037,473,26,32,HAZARDOUS,YES
2026-06-13 12:08:10.250378,248,19,75,POOR,YES
2026-06-13 12:08:13.260668,130,28,38,MODERATE,NO
2026-06-13 12:08:16.386726,307,40,36,POOR,YES
2026-06-13 12:08:19.435923,178,36,65,MODERATE,NO
2026-06-13 12:08:22.449096,156,26,47,MODERATE,NO
2026-06-13 12:08:25.458185,60,23,49,GOOD,NO
2026-06-13 12:08:28.470184,63,34,54,GOOD,NO
2026-06-13 12:08:31.488185,242,25,90,POOR,YES
2026-06-13 12:08:34.503186,344,24,83,POOR,YES
2026-06-13 12:08:37.525208,386,20,79,HAZARDOUS,YES
2026-06-13 12:08:40.557190,472,37,61,HAZARDOUS,YES
2026-06-13 12:08:43.593187,396,40,53,HAZARDOUS,YES
2026-06-13 12:08:46.610353,153,40,72,MODERATE,NO
2026-06-13 12:08:49.620911,404,18,43,HAZARDOUS,YES
2026-06-13 12:08:52.635948,345,18,68,POOR,YES
2026-06-13 12:08:55.651099,177,26,70,MODERATE,NO
2026-06-13 12:08:58.690288,466,29,57,HAZARDOUS,YES
2026-06-13 12:09:01.697486,346,24,63,POOR,YES
2026-06-13 12:09:04.714573,323,26,69,POOR,YES
2026-06-13 12:09:07.736682,309,29,53,POOR,YES
2026-06-13 12:09:10.745111,480,27,67,HAZARDOUS,YES
2026-06-13 12:09:13.764701,379,22,89,HAZARDOUS,YES
2026-06-13 12:09:16.779889,427,35,61,HAZARDOUS,YES
2026-06-13 12:09:19.797895,193,36,47,MODERATE,NO
2026-06-13 12:09:22.815159,61,34,53,GOOD,NO
2026-06-13 12:09:25.833543,179,33,56,MODERATE,NO
2026-06-13 12:09:28.843633,114,37,65,MODERATE,NO
2026-06-13 12:09:31.852624,123,38,34,MODERATE,NO
2026-06-13 12:09:34.866618,164,22,67,MODERATE,NO
2026-06-13 12:09:37.880135,195,18,86,MODERATE,NO
2026-06-13 12:09:40.902512,223,38,66,POOR,YES
2026-06-13 12:09:43.912875,175,36,39,MODERATE,NO
2026-06-13 12:09:46.969300,298,19,80,POOR,YES
2026-06-13 12:09:49.977540,470,22,74,HAZARDOUS,YES
2026-06-13 12:09:53.005727,133,26,73,MODERATE,NO
2026-06-13 12:09:56.152294,463,37,43,HAZARDOUS,YES
2026-06-13 12:09:59.164658,154,27,73,MODERATE,NO
2026-06-13 12:10:02.172822,396,33,31,HAZARDOUS,YES
2026-06-13 12:10:05.180050,132,35,82,MODERATE,NO
2026-06-13 12:10:08.188525,329,39,41,POOR,YES
2026-06-13 12:10:11.194433,329,33,88,POOR,YES
2026-06-13 12:10:14.216554,356,28,87,HAZARDOUS,YES
2026-06-13 12:10:17.230855,287,26,79,POOR,YES
2026-06-13 12:10:20.253232,395,30,74,HAZARDOUS,YES
2026-06-13 12:10:23.262255,288,32,37,POOR,YES
2026-06-13 12:10:26.280403,342,37,35,POOR,YES
2026-06-13 12:10:29.300982,57,18,67,GOOD,NO
2026-06-13 12:10:32.315405,486,24,55,HAZARDOUS,YES
2026-06-13 12:10:35.334007,485,28,83,HAZARDOUS,YES
2026-06-13 12:10:38.352086,341,25,50,POOR,YES
2026-06-13 12:10:41.365260,325,21,45,POOR,YES
2026-06-13 12:10:44.390257,134,38,34,MODERATE,NO
2026-06-13 12:10:47.395931,489,40,67,HAZARDOUS,YES
2026-06-13 12:10:50.404039,324,21,30,POOR,YES
2026-06-13 12:10:53.416350,411,32,73,HAZARDOUS,YES
2026-06-13 12:10:56.425383,395,23,81,HAZARDOUS,YES
2026-06-13 12:10:59.438705,325,26,81,POOR,YES
2026-06-13 12:11:02.461788,301,18,40,POOR,YES
2026-06-13 12:11:05.483793,397,20,48,HAZARDOUS,YES
2026-06-13 12:11:08.489787,87,19,52,GOOD,NO
2026-06-13 12:11:11.549786,381,27,59,HAZARDOUS,YES
2026-06-13 12:11:14.734053,123,30,88,MODERATE,NO
2026-06-13 12:11:17.750465,121,26,77,MODERATE,NO
2026-06-13 12:11:20.770540,448,19,86,HAZARDOUS,YES
2026-06-13 12:11:23.797747,107,38,34,MODERATE,NO
2026-06-13 12:11:26.806960,427,39,62,HAZARDOUS,YES
2026-06-13 12:11:29.824423,237,37,54,POOR,YES
2026-06-13 12:11:32.845427,241,20,77,POOR,YES
2026-06-13 12:11:35.870426,436,28,73,HAZARDOUS,YES
2026-06-13 12:11:38.887733,78,21,78,GOOD,NO
2026-06-13 12:11:41.896323,63,23,56,GOOD,NO
2026-06-13 12:11:44.912869,162,39,58,MODERATE,NO
2026-06-13 12:11:47.917771,130,27,70,MODERATE,NO
2026-06-13 12:11:50.933067,338,23,68,POOR,YES
2026-06-13 12:11:53.961071,379,20,50,HAZARDOUS,YES
2026-06-13 12:11:56.973072,317,39,53,POOR,YES
2026-06-13 12:11:59.983161,324,26,86,POOR,YES
2026-06-13 12:12:02.994220,184,38,47,MODERATE,NO
2026-06-13 12:12:06.000496,60,24,65,GOOD,NO
2026-06-13 12:12:09.016576,314,21,59,POOR,YES
2026-06-13 12:12:12.038665,89,20,59,GOOD,NO
2026-06-13 12:12:15.063069,357,32,40,HAZARDOUS,YES
2026-06-13 12:12:18.072226,280,39,34,POOR,YES
2026-06-13 12:12:21.081427,135,23,54,MODERATE,NO
2026-06-13 12:12:24.097559,333,27,74,POOR,YES
2026-06-13 12:12:27.148553,81,29,55,GOOD,NO
2026-06-13 12:12:30.194641,270,38,70,POOR,YES
2026-06-13 12:12:33.217725,53,21,86,GOOD,NO
2026-06-13 12:12:36.227989,62,24,62,GOOD,NO
2026-06-13 12:12:39.238219,448,38,64,HAZARDOUS,YES
2026-06-13 12:12:42.256526,406,38,47,HAZARDOUS,YES
2026-06-13 12:12:45.264764,325,25,36,POOR,YES
2026-06-13 12:12:48.276252,470,39,77,HAZARDOUS,YES
2026-06-13 12:12:51.290445,251,19,60,POOR,YES
2026-06-13 12:12:54.300536,443,39,42,HAZARDOUS,YES
2026-06-13 12:12:57.320625,277,30,73,POOR,YES
2026-06-13 12:13:00.336842,146,33,87,MODERATE,NO
2026-06-13 12:13:03.365982,74,18,34,GOOD,NO
2026-06-13 12:13:06.422079,161,39,42,MODERATE,NO
2026-06-13 12:13:09.437257,159,23,73,MODERATE,NO
2026-06-13 12:13:12.533604,294,20,82,POOR,YES
2026-06-13 12:13:15.581690,55,29,34,GOOD,NO
2026-06-13 12:13:18.640689,442,36,62,HAZARDOUS,YES
2026-06-13 12:13:21.693739,481,34,86,HAZARDOUS,YES
2026-06-13 12:13:24.711685,73,40,68,GOOD,NO
2026-06-13 12:13:27.720688,301,26,70,POOR,YES
2026-06-13 12:13:30.737073,167,23,87,MODERATE,NO
2026-06-13 12:13:33.755266,91,21,90,GOOD,NO
2026-06-13 12:13:36.771351,121,39,48,MODERATE,NO
2026-06-13 12:13:39.783587,333,22,72,POOR,YES
2026-06-13 12:13:42.799828,124,32,37,MODERATE,NO
2026-06-13 12:13:45.808507,98,40,74,GOOD,NO
2026-06-13 12:13:48.812510,184,32,80,MODERATE,NO
2026-06-13 12:13:51.824663,284,24,57,POOR,YES
2026-06-13 12:13:54.842659,265,38,51,POOR,YES
2026-06-13 12:13:57.851880,481,36,34,HAZARDOUS,YES
2026-06-13 12:14:00.867949,417,38,44,HAZARDOUS,YES
2026-06-13 12:14:03.889154,360,38,65,HAZARDOUS,YES
2026-06-13 12:14:06.898918,144,21,46,MODERATE,NO
2026-06-13 12:14:09.915209,247,39,64,POOR,YES
2026-06-13 12:14:12.921755,486,20,44,HAZARDOUS,YES
2026-06-13 12:14:15.938092,257,24,84,POOR,YES
2026-06-13 12:14:18.950282,257,20,56,POOR,YES
2026-06-13 12:14:21.956458,365,40,30,HAZARDOUS,YES
2026-06-13 12:14:24.964659,485,35,88,HAZARDOUS,YES
2026-06-13 12:14:27.984902,276,35,40,POOR,YES
2026-06-13 12:14:31.000903,229,35,75,POOR,YES
2026-06-13 12:14:34.011991,214,30,36,POOR,YES
2026-06-13 12:14:37.048988,406,25,75,HAZARDOUS,YES
2026-06-13 12:14:40.213990,196,21,67,MODERATE,NO
2026-06-13 12:14:43.259082,382,34,34,HAZARDOUS,YES
2026-06-13 12:14:46.277081,52,33,54,GOOD,NO
2026-06-13 12:14:49.287075,471,26,69,HAZARDOUS,YES
2026-06-13 12:14:52.296324,104,30,64,MODERATE,NO
2026-06-13 12:14:55.309287,194,35,50,MODERATE,NO
2026-06-13 12:14:58.327287,90,32,84,GOOD,NO
2026-06-13 12:15:01.349282,237,21,71,POOR,YES
2026-06-13 12:15:04.486297,352,24,46,HAZARDOUS,YES
2026-06-13 12:15:07.580286,144,21,38,MODERATE,NO
2026-06-13 12:15:10.626282,115,19,78,MODERATE,NO
2026-06-13 12:15:13.653280,151,28,74,MODERATE,NO
2026-06-13 12:15:16.797874,351,19,71,HAZARDOUS,YES
2026-06-13 12:15:19.817346,424,21,49,HAZARDOUS,YES
2026-06-13 12:15:22.829962,442,34,90,HAZARDOUS,YES
2026-06-13 12:15:25.838060,461,18,34,HAZARDOUS,YES
2026-06-13 12:15:28.852068,190,20,58,MODERATE,NO
2026-06-13 12:15:32.038139,88,19,69,GOOD,NO
2026-06-13 12:15:35.074137,401,30,31,HAZARDOUS,YES
2026-06-13 12:15:38.104138,131,33,43,MODERATE,NO
2026-06-13 12:15:41.147141,477,19,82,HAZARDOUS,YES
2026-06-13 12:15:44.182149,64,20,40,GOOD,NO
2026-06-13 12:15:47.202138,313,28,74,POOR,YES
2026-06-13 12:15:50.212526,231,34,83,POOR,YES
2026-06-13 12:15:53.228641,484,18,31,HAZARDOUS,YES
2026-06-13 12:15:56.247449,423,28,81,HAZARDOUS,YES
2026-06-13 12:15:59.264737,183,38,36,MODERATE,NO
2026-06-13 12:16:02.272739,117,18,87,MODERATE,NO
2026-06-13 12:16:05.280994,93,26,45,GOOD,NO
2026-06-13 12:16:08.295437,270,39,66,POOR,YES
2026-06-13 12:16:11.301649,240,35,45,POOR,YES
2026-06-13 12:16:14.331657,275,29,46,POOR,YES
2026-06-13 12:16:17.357010,369,23,50,HAZARDOUS,YES
2026-06-13 12:16:20.374006,290,31,41,POOR,YES
2026-06-13 12:16:23.390139,271,39,57,POOR,YES
2026-06-13 12:16:26.407319,381,30,76,HAZARDOUS,YES
2026-06-13 12:16:29.426858,194,24,61,MODERATE,NO
2026-06-13 12:16:32.460855,293,26,53,POOR,YES
2026-06-13 12:16:35.477304,116,39,71,MODERATE,NO
2026-06-13 12:16:38.483382,319,33,44,POOR,YES
2026-06-13 12:16:41.499467,327,28,63,POOR,YES
2026-06-13 12:16:44.511608,185,27,52,MODERATE,NO
2026-06-13 12:16:47.515858,99,32,62,GOOD,NO
2026-06-13 12:16:50.532297,285,22,54,POOR,YES
2026-06-13 12:16:53.539815,310,22,85,POOR,YES
2026-06-13 12:16:56.562811,70,34,63,GOOD,NO
2026-06-13 12:16:59.570040,149,35,39,MODERATE,NO
2026-06-13 12:17:02.576037,493,25,38,HAZARDOUS,YES
2026-06-13 12:17:05.600138,324,40,81,POOR,YES
2026-06-13 12:17:08.623209,350,28,37,HAZARDOUS,YES
2026-06-13 12:17:11.640300,327,19,81,POOR,YES
2026-06-13 12:17:14.657464,204,30,74,POOR,YES
2026-06-13 12:17:17.674840,349,23,61,POOR,YES
2026-06-13 12:17:20.698014,460,38,37,HAZARDOUS,YES
2026-06-13 12:17:23.904016,198,20,87,MODERATE,NO
2026-06-13 12:17:27.070012,286,31,78,POOR,YES
2026-06-13 12:17:30.084434,210,32,44,POOR,YES
2026-06-13 12:17:33.100535,152,23,44,MODERATE,NO
2026-06-13 12:17:36.124611,340,29,51,POOR,YES
2026-06-13 12:17:39.151777,360,22,40,HAZARDOUS,YES
2026-06-13 12:17:42.183983,324,18,46,POOR,YES
2026-06-13 12:17:45.208169,288,23,51,POOR,YES
2026-06-13 12:17:48.265256,276,20,69,POOR,YES
2026-06-13 12:17:51.369344,457,36,82,HAZARDOUS,YES
2026-06-13 12:17:54.381447,84,25,54,GOOD,NO
2026-06-13 12:17:57.389876,121,26,80,MODERATE,NO
2026-06-13 12:18:00.400703,306,19,62,POOR,YES
2026-06-13 12:18:03.416765,324,33,71,POOR,YES
2026-06-13 12:18:06.438002,461,38,90,HAZARDOUS,YES
2026-06-13 12:18:09.454158,366,18,76,HAZARDOUS,YES
2026-06-13 12:18:12.474453,381,27,49,HAZARDOUS,YES
2026-06-13 12:18:15.486945,83,27,51,GOOD,NO
2026-06-13 12:18:18.502937,391,39,89,HAZARDOUS,YES
2026-06-13 12:18:21.523335,285,36,33,POOR,YES
2026-06-13 12:18:24.545987,91,31,36,GOOD,NO
2026-06-13 12:18:27.562399,400,23,57,HAZARDOUS,YES
2026-06-13 12:18:30.578864,160,32,66,MODERATE,NO
2026-06-13 12:18:33.598382,257,18,82,POOR,YES
2026-06-13 12:18:36.621449,148,40,76,MODERATE,NO
2026-06-13 12:18:39.625451,195,18,89,MODERATE,NO
2026-06-13 12:18:42.631615,447,27,83,HAZARDOUS,YES
2026-06-13 12:18:45.637698,363,30,88,HAZARDOUS,YES
2026-06-13 12:18:48.642352,417,30,30,HAZARDOUS,YES
2026-06-13 12:18:51.655619,409,31,53,HAZARDOUS,YES
2026-06-13 12:18:54.658068,360,33,74,HAZARDOUS,YES
2026-06-13 12:18:57.666140,403,36,75,HAZARDOUS,YES
2026-06-13 12:19:00.670140,216,31,58,POOR,YES
2026-06-13 12:19:03.684385,308,37,90,POOR,YES
2026-06-13 12:19:06.698382,475,18,66,HAZARDOUS,YES
2026-06-13 12:19:09.702720,272,37,31,POOR,YES
2026-06-13 12:19:12.719060,85,28,65,GOOD,NO
2026-06-13 12:19:15.733283,334,40,41,POOR,YES
2026-06-13 12:19:18.753485,304,38,53,POOR,YES
2026-06-13 12:19:21.776490,84,26,42,GOOD,NO
2026-06-13 12:19:24.808492,263,24,40,POOR,YES
2026-06-13 12:19:27.829486,348,40,87,POOR,YES
2026-06-13 12:19:31.034492,363,23,43,HAZARDOUS,YES
2026-06-13 12:19:34.059572,98,33,33,GOOD,NO
2026-06-13 12:19:37.079631,368,33,37,HAZARDOUS,YES
2026-06-13 12:19:40.089716,153,28,58,MODERATE,NO
2026-06-13 12:19:43.110891,197,30,90,MODERATE,NO
2026-06-13 12:19:46.117039,363,25,40,HAZARDOUS,YES
2026-06-13 12:19:49.121103,332,22,30,POOR,YES
2026-06-13 12:19:52.137393,113,24,81,MODERATE,NO
2026-06-13 12:19:55.145388,262,32,60,POOR,YES
2026-06-13 12:19:58.157653,396,35,53,HAZARDOUS,YES
2026-06-13 12:20:01.170655,141,39,80,MODERATE,NO
2026-06-13 12:20:04.186098,344,30,56,POOR,YES
2026-06-13 12:20:07.201275,484,24,73,HAZARDOUS,YES
2026-06-13 12:20:10.210440,338,25,48,POOR,YES
2026-06-13 12:20:13.215441,218,34,69,POOR,YES
2026-06-13 12:20:16.233814,465,23,63,HAZARDOUS,YES
2026-06-13 12:20:19.245921,229,31,46,POOR,YES
2026-06-13 12:20:22.258001,268,33,47,POOR,YES
2026-06-13 12:20:25.268243,366,21,31,HAZARDOUS,YES
2026-06-13 12:20:28.281429,191,37,50,MODERATE,NO
2026-06-13 12:20:31.290589,207,26,64,POOR,YES
2026-06-13 12:20:34.300579,260,38,63,POOR,YES
2026-06-13 12:20:37.312770,105,26,60,MODERATE,NO
2026-06-13 12:20:40.322847,129,40,47,MODERATE,NO
2026-06-13 12:20:43.340997,480,38,68,HAZARDOUS,YES
2026-06-13 12:20:46.353115,500,30,57,HAZARDOUS,YES
2026-06-13 12:20:49.371181,147,26,41,MODERATE,NO
2026-06-13 12:20:52.377123,373,30,47,HAZARDOUS,YES
2026-06-13 12:20:55.391294,421,33,31,HAZARDOUS,YES
2026-06-13 12:20:58.399469,268,30,83,POOR,YES
2026-06-13 12:21:01.408550,255,28,50,POOR,YES
2026-06-13 12:21:04.428668,72,22,60,GOOD,NO
2026-06-13 12:21:07.436725,313,33,39,POOR,YES
2026-06-13 12:21:10.453834,209,24,90,POOR,YES
2026-06-13 12:21:13.469090,285,33,42,POOR,YES
2026-06-13 12:21:16.483078,170,19,50,MODERATE,NO
2026-06-13 12:21:19.489157,461,25,79,HAZARDOUS,YES
2026-06-13 12:21:22.503163,375,40,71,HAZARDOUS,YES
2026-06-13 12:21:25.509246,347,38,79,POOR,YES
2026-06-13 12:21:28.526244,358,36,67,HAZARDOUS,YES
2026-06-13 12:21:31.537245,468,30,48,HAZARDOUS,YES
2026-06-13 12:21:34.545245,270,21,44,POOR,YES
2026-06-13 12:21:37.555400,169,24,84,MODERATE,NO
2026-06-13 12:21:40.568957,180,33,66,MODERATE,NO
2026-06-13 12:21:43.587956,208,31,47,POOR,YES
2026-06-13 12:21:46.599219,314,40,49,POOR,YES
2026-06-13 12:21:49.622222,335,36,75,POOR,YES
2026-06-13 12:21:52.649513,107,31,86,MODERATE,NO
2026-06-13 12:21:55.673676,456,35,82,HAZARDOUS,YES
2026-06-13 12:21:58.689884,54,31,54,GOOD,NO
2026-06-13 12:22:01.702985,202,37,45,POOR,YES
2026-06-13 12:22:04.720387,484,31,57,HAZARDOUS,YES
2026-06-13 12:22:07.726079,224,32,86,POOR,YES
2026-06-13 12:22:10.740605,352,35,39,HAZARDOUS,YES
2026-06-13 12:22:13.757089,285,28,60,POOR,YES
2026-06-13 12:22:16.775582,295,33,77,POOR,YES
2026-06-13 12:22:19.784210,323,32,45,POOR,YES
2026-06-13 12:22:22.800898,254,33,77,POOR,YES
2026-06-13 12:22:25.815525,478,21,81,HAZARDOUS,YES
2026-06-13 12:22:28.823905,274,22,55,POOR,YES
2026-06-13 12:22:31.836588,184,18,73,MODERATE,NO
2026-06-13 12:22:34.852526,490,40,90,HAZARDOUS,YES
2026-06-13 12:22:37.863739,175,39,75,MODERATE,NO
2026-06-13 12:22:40.876599,323,38,85,POOR,YES
2026-06-13 12:22:43.894857,255,30,30,POOR,YES
2026-06-13 12:22:46.909205,195,34,79,MODERATE,NO
2026-06-13 12:22:49.929587,199,21,40,MODERATE,NO
2026-06-13 12:22:52.937692,476,27,36,HAZARDOUS,YES
2026-06-13 12:22:55.951513,394,37,34,HAZARDOUS,YES
2026-06-13 12:22:58.963756,432,27,44,HAZARDOUS,YES
2026-06-13 12:23:01.983481,90,38,85,GOOD,NO
2026-06-13 12:23:04.995006,71,37,51,GOOD,NO
2026-06-13 12:23:08.019649,148,30,42,MODERATE,NO
2026-06-13 12:23:11.026077,376,18,81,HAZARDOUS,YES
2026-06-13 12:23:14.043343,274,31,53,POOR,YES
2026-06-13 12:23:17.052723,113,28,89,MODERATE,NO
2026-06-13 12:23:20.063144,314,40,62,POOR,YES
2026-06-13 12:23:23.081693,473,24,46,HAZARDOUS,YES
2026-06-13 12:23:26.097887,251,26,72,POOR,YES
2026-06-13 12:23:29.112634,415,35,89,HAZARDOUS,YES
2026-06-13 12:23:32.121251,494,40,67,HAZARDOUS,YES
2026-06-13 12:23:35.125719,305,35,62,POOR,YES
2026-06-13 12:23:38.139197,187,27,57,MODERATE,NO
2026-06-13 12:23:41.157507,138,18,61,MODERATE,NO
2026-06-13 12:23:44.183625,322,29,80,POOR,YES
2026-06-13 12:23:47.226623,51,40,54,GOOD,NO
2026-06-13 12:23:50.244658,85,35,80,GOOD,NO
2026-06-13 12:23:53.257847,400,34,84,HAZARDOUS,YES
2026-06-13 12:23:56.276788,313,27,53,POOR,YES
2026-06-13 12:23:59.285956,494,33,58,HAZARDOUS,YES
2026-06-13 12:24:02.304397,374,32,36,HAZARDOUS,YES
2026-06-13 12:24:05.318924,162,32,36,MODERATE,NO
2026-06-13 12:24:08.325289,148,37,46,MODERATE,NO
2026-06-13 12:24:11.329618,214,19,79,POOR,YES
2026-06-13 12:24:14.342069,187,25,56,MODERATE,NO
2026-06-13 12:24:17.356551,119,35,46,MODERATE,NO
2026-06-13 12:24:20.376448,342,35,88,POOR,YES
2026-06-13 12:24:23.388862,313,24,66,POOR,YES
2026-06-13 12:24:26.399571,241,19,45,POOR,YES
2026-06-13 12:24:29.408206,230,23,39,POOR,YES
2026-06-13 12:24:32.414853,307,27,32,POOR,YES
2026-06-13 12:24:35.434663,62,30,30,GOOD,NO
2026-06-13 12:24:38.451746,102,18,51,MODERATE,NO
2026-06-13 12:24:41.466280,337,24,48,POOR,YES
2026-06-13 12:24:44.476644,380,23,46,HAZARDOUS,YES
2026-06-13 12:24:47.489543,369,31,70,HAZARDOUS,YES
2026-06-13 12:24:50.506022,258,22,49,POOR,YES
2026-06-13 12:24:53.511528,394,37,64,HAZARDOUS,YES
2026-06-13 12:24:56.521057,114,19,41,MODERATE,NO
2026-06-13 12:24:59.543259,481,36,32,HAZARDOUS,YES
2026-06-13 12:25:02.561524,111,34,39,MODERATE,NO
2026-06-13 12:25:05.577714,234,26,51,POOR,YES
2026-06-13 12:25:08.600242,159,34,35,MODERATE,NO
2026-06-13 12:25:11.617246,393,27,60,HAZARDOUS,YES
2026-06-13 12:25:14.646247,158,27,63,MODERATE,NO
2026-06-13 12:25:17.654455,194,30,67,MODERATE,NO
2026-06-13 12:25:20.662736,249,22,79,POOR,YES
2026-06-13 12:25:23.671223,205,36,80,POOR,YES
2026-06-13 12:25:26.685715,369,39,63,HAZARDOUS,YES
2026-06-13 12:25:29.701614,442,24,56,HAZARDOUS,YES
2026-06-13 12:25:32.721098,137,35,64,MODERATE,NO
2026-06-13 12:25:35.733384,118,21,52,MODERATE,NO
2026-06-13 12:25:38.751800,103,19,41,MODERATE,NO
2026-06-13 12:25:41.770213,231,37,80,POOR,YES
2026-06-13 12:25:44.774210,130,23,89,MODERATE,NO
2026-06-13 12:25:47.783223,401,33,57,HAZARDOUS,YES
2026-06-13 12:25:50.803217,381,39,55,HAZARDOUS,YES
2026-06-13 12:25:53.825217,275,32,31,POOR,YES
2026-06-13 12:25:56.839214,379,25,39,HAZARDOUS,YES
2026-06-13 12:25:59.884369,264,23,64,POOR,YES
2026-06-13 12:26:02.897674,218,26,46,POOR,YES
2026-06-13 12:26:05.903089,493,37,61,HAZARDOUS,YES
2026-06-13 12:26:08.918105,351,28,45,HAZARDOUS,YES
2026-06-13 12:26:11.933772,65,30,82,GOOD,NO
2026-06-13 12:26:14.939930,223,36,54,POOR,YES
2026-06-13 12:26:17.958856,75,37,34,GOOD,NO
2026-06-13 12:26:20.971580,139,21,43,MODERATE,NO
2026-06-13 12:26:23.990090,275,29,44,POOR,YES
2026-06-13 12:26:27.008412,131,38,34,MODERATE,NO
2026-06-13 12:26:30.012989,141,40,61,MODERATE,NO
2026-06-13 12:26:33.020757,292,37,61,POOR,YES
2026-06-13 12:26:36.025934,246,18,43,POOR,YES
2026-06-13 12:26:39.044434,245,20,30,POOR,YES
2026-06-13 12:26:42.051181,116,25,40,MODERATE,NO
2026-06-13 12:26:45.063363,334,38,73,POOR,YES
2026-06-13 12:26:48.076053,112,36,32,MODERATE,NO
2026-06-13 12:26:51.095597,202,35,83,POOR,YES
2026-06-13 12:26:54.108307,486,40,90,HAZARDOUS,YES
2026-06-13 12:26:57.114798,282,19,89,POOR,YES
2026-06-13 12:27:00.122840,58,29,79,GOOD,NO
2026-06-13 12:27:03.131088,163,25,45,MODERATE,NO
2026-06-13 12:27:06.153773,414,38,32,HAZARDOUS,YES
2026-06-13 12:27:09.172166,259,27,62,POOR,YES
2026-06-13 12:27:12.194636,160,28,60,MODERATE,NO
2026-06-13 12:27:15.203261,135,27,52,MODERATE,NO
2026-06-13 12:27:18.223122,222,20,58,POOR,YES
2026-06-13 12:27:21.236601,352,40,89,HAZARDOUS,YES
2026-06-13 12:27:24.254433,495,20,63,HAZARDOUS,YES
2026-06-13 12:27:27.268792,486,27,45,HAZARDOUS,YES
2026-06-13 12:27:30.279346,479,20,67,HAZARDOUS,YES
2026-06-13 12:27:33.297793,177,32,35,MODERATE,NO
2026-06-13 12:27:36.318209,335,40,76,POOR,YES
2026-06-13 12:27:39.325364,464,23,89,HAZARDOUS,YES
2026-06-13 12:27:42.343979,294,29,64,POOR,YES
2026-06-13 12:27:45.354703,117,29,31,MODERATE,NO
2026-06-13 12:27:48.363233,414,38,73,HAZARDOUS,YES
2026-06-13 12:27:51.369743,191,37,39,MODERATE,NO
2026-06-13 12:27:54.382236,493,19,50,HAZARDOUS,YES
2026-06-13 12:27:57.395357,351,32,34,HAZARDOUS,YES
2026-06-13 12:28:00.407843,247,33,37,POOR,YES
2026-06-13 12:28:03.426279,315,30,73,POOR,YES
2026-06-13 12:28:06.441678,329,40,58,POOR,YES
2026-06-13 12:28:09.458069,92,22,60,GOOD,NO
2026-06-13 12:28:12.476254,444,39,56,HAZARDOUS,YES
2026-06-13 12:28:15.492688,459,18,71,HAZARDOUS,YES
2026-06-13 12:28:18.506723,340,39,77,POOR,YES
2026-06-13 12:28:21.523964,329,34,37,POOR,YES
2026-06-13 12:28:24.541460,422,27,68,HAZARDOUS,YES
2026-06-13 12:28:27.549915,115,38,84,MODERATE,NO
2026-06-13 12:28:30.560085,410,37,86,HAZARDOUS,YES
2026-06-13 12:28:33.576363,264,19,51,POOR,YES
2026-06-13 12:28:36.586966,487,28,70,HAZARDOUS,YES
2026-06-13 12:28:39.594452,85,22,85,GOOD,NO
2026-06-13 12:28:42.603946,230,40,51,POOR,YES
2026-06-13 12:28:45.614172,126,19,48,MODERATE,NO
2026-06-13 12:28:48.626295,180,40,82,MODERATE,NO
2026-06-13 12:28:51.648515,74,18,63,GOOD,NO
2026-06-13 12:28:54.662947,450,35,69,HAZARDOUS,YES
2026-06-13 12:28:57.674212,436,23,59,HAZARDOUS,YES
2026-06-13 12:29:00.685645,445,33,36,HAZARDOUS,YES
2026-06-13 12:29:03.698006,451,19,66,HAZARDOUS,YES
2026-06-13 12:29:06.704657,214,23,33,POOR,YES
2026-06-13 12:29:09.713301,322,34,47,POOR,YES
2026-06-13 12:29:12.721572,492,38,48,HAZARDOUS,YES
2026-06-13 12:29:15.733809,277,18,88,POOR,YES
2026-06-13 12:29:18.750537,409,24,81,HAZARDOUS,YES
2026-06-13 12:29:21.769149,71,36,43,GOOD,NO
2026-06-13 12:29:24.779632,449,28,60,HAZARDOUS,YES
2026-06-13 12:29:27.785821,180,37,53,MODERATE,NO
2026-06-13 12:29:30.796053,117,22,74,MODERATE,NO
2026-06-13 12:29:33.804610,480,27,59,HAZARDOUS,YES
2026-06-13 12:29:36.812964,154,27,65,MODERATE,NO
2026-06-13 12:29:39.821334,454,36,79,HAZARDOUS,YES
2026-06-13 12:29:42.835561,126,20,80,MODERATE,NO
2026-06-13 12:29:45.855859,335,25,88,POOR,YES
2026-06-13 12:29:48.870213,480,40,75,HAZARDOUS,YES
2026-06-13 12:29:51.874572,57,38,35,GOOD,NO
2026-06-13 12:29:54.885070,128,38,79,MODERATE,NO
2026-06-13 12:29:57.899522,168,23,42,MODERATE,NO
2026-06-13 12:30:00.910589,231,26,89,POOR,YES
2026-06-13 12:30:03.933419,400,35,57,HAZARDOUS,YES
2026-06-13 12:30:06.951975,447,26,44,HAZARDOUS,YES
2026-06-13 12:30:09.962383,428,36,32,HAZARDOUS,YES
2026-06-13 12:30:12.976575,146,38,88,MODERATE,NO
2026-06-13 12:30:15.991017,179,30,90,MODERATE,NO
2026-06-13 12:30:19.003211,327,21,47,POOR,YES
2026-06-13 12:30:22.017912,488,35,71,HAZARDOUS,YES
2026-06-13 12:30:25.032438,169,26,49,MODERATE,NO
2026-06-13 12:30:28.050930,253,30,63,POOR,YES
2026-06-13 12:30:31.067107,264,31,70,POOR,YES
2026-06-13 12:30:34.077809,462,34,85,HAZARDOUS,YES
2026-06-13 12:30:37.085430,418,24,32,HAZARDOUS,YES
2026-06-13 12:30:40.103636,406,23,66,HAZARDOUS,YES
2026-06-13 12:30:43.122245,302,25,74,POOR,YES
2026-06-13 12:30:46.142418,156,20,67,MODERATE,NO
2026-06-13 12:30:49.152116,474,34,70,HAZARDOUS,YES
2026-06-13 12:30:52.157502,449,33,57,HAZARDOUS,YES
2026-06-13 12:30:55.175451,115,19,31,MODERATE,NO
2026-06-13 12:30:58.192571,478,27,37,HAZARDOUS,YES
2026-06-13 12:31:01.209872,57,34,61,GOOD,NO
2026-06-13 12:31:04.214001,360,28,81,HAZARDOUS,YES
2026-06-13 12:31:07.225286,345,33,79,POOR,YES
2026-06-13 12:31:10.242451,164,20,52,MODERATE,NO
2026-06-13 12:31:13.260449,212,22,77,POOR,YES
2026-06-13 12:31:16.279714,448,36,52,HAZARDOUS,YES
2026-06-13 12:31:19.378716,299,26,49,POOR,YES
2026-06-13 12:31:22.405720,466,37,75,HAZARDOUS,YES
2026-06-13 12:31:25.425713,98,37,42,GOOD,NO
2026-06-13 12:31:28.439922,65,27,49,GOOD,NO
2026-06-13 12:31:31.455923,207,19,88,POOR,YES
2026-06-13 12:31:34.478003,132,36,85,MODERATE,NO
2026-06-13 12:31:37.494012,287,22,37,POOR,YES
2026-06-13 12:31:40.523005,496,23,75,HAZARDOUS,YES
2026-06-13 12:31:43.551004,416,23,75,HAZARDOUS,YES
2026-06-13 12:31:46.732032,419,26,79,HAZARDOUS,YES
2026-06-13 12:31:49.742001,422,35,68,HAZARDOUS,YES
2026-06-13 12:31:52.750181,302,32,31,POOR,YES
2026-06-13 12:31:55.771538,64,19,88,GOOD,NO
2026-06-13 12:31:58.783724,70,19,75,GOOD,NO
2026-06-13 12:32:01.797725,291,20,87,POOR,YES
2026-06-13 12:32:04.813779,243,34,33,POOR,YES
2026-06-13 12:32:07.817786,454,27,33,HAZARDOUS,YES
2026-06-13 12:32:10.829898,254,32,55,POOR,YES
2026-06-13 12:32:13.853897,450,39,69,HAZARDOUS,YES
2026-06-13 12:32:16.859918,312,39,81,POOR,YES
2026-06-13 12:32:19.879948,236,18,52,POOR,YES
2026-06-13 12:32:22.904900,101,35,53,MODERATE,NO
2026-06-13 12:32:25.921906,490,33,40,HAZARDOUS,YES
2026-06-13 12:32:28.944908,271,19,90,POOR,YES
2026-06-13 12:32:31.964903,276,20,44,POOR,YES
2026-06-13 12:32:34.987991,432,27,36,HAZARDOUS,YES
2026-06-13 12:32:37.994068,149,40,50,MODERATE,NO
2026-06-13 12:32:41.016149,211,26,75,POOR,YES
2026-06-13 12:32:44.033669,482,21,57,HAZARDOUS,YES
2026-06-13 12:32:47.064676,287,35,61,POOR,YES
2026-06-13 12:32:50.127143,56,22,86,GOOD,NO
2026-06-13 12:32:53.175144,304,22,84,POOR,YES
2026-06-13 12:32:56.185142,80,32,73,GOOD,NO
2026-06-13 12:32:59.197233,349,37,62,POOR,YES
2026-06-13 12:33:02.213362,318,28,50,POOR,YES
2026-06-13 12:33:05.219667,310,36,83,POOR,YES
2026-06-13 12:33:08.241041,168,39,90,MODERATE,NO
2026-06-13 12:33:11.269039,262,33,82,POOR,YES
2026-06-13 12:33:14.337206,150,22,44,MODERATE,NO
2026-06-13 12:33:17.359165,66,36,59,GOOD,NO
2026-06-13 12:33:20.728536,146,28,61,MODERATE,NO
2026-06-13 12:33:23.736747,370,18,66,HAZARDOUS,YES
2026-06-13 12:33:26.743101,312,35,77,POOR,YES
2026-06-13 12:33:29.766092,370,25,79,HAZARDOUS,YES
2026-06-13 12:33:32.780264,143,20,90,MODERATE,NO
2026-06-13 12:33:35.794708,314,24,34,POOR,YES
2026-06-13 12:33:38.813882,213,29,64,POOR,YES
2026-06-13 12:33:41.833944,358,20,34,HAZARDOUS,YES
2026-06-13 12:33:44.849261,439,33,71,HAZARDOUS,YES
2026-06-13 12:33:47.869604,494,23,48,HAZARDOUS,YES
2026-06-13 12:33:50.889637,183,31,67,MODERATE,NO
2026-06-13 12:33:53.896878,268,19,67,POOR,YES
2026-06-13 12:33:56.905344,439,28,33,HAZARDOUS,YES
2026-06-13 12:33:59.925711,328,18,83,POOR,YES
2026-06-13 12:34:02.947839,206,38,63,POOR,YES
2026-06-13 12:34:05.965217,496,23,60,HAZARDOUS,YES
2026-06-13 12:34:08.979234,453,36,51,HAZARDOUS,YES
2026-06-13 12:34:11.989828,123,18,59,MODERATE,NO
2026-06-13 12:34:15.001827,377,39,87,HAZARDOUS,YES
2026-06-13 12:34:18.022995,243,36,85,POOR,YES
2026-06-13 12:34:21.049993,208,29,39,POOR,YES
2026-06-13 12:34:24.066998,60,20,33,GOOD,NO
2026-06-13 12:34:27.088991,247,28,38,POOR,YES
2026-06-13 12:34:30.144994,262,25,64,POOR,YES
2026-06-13 12:34:33.257994,499,21,64,HAZARDOUS,YES
2026-06-13 12:34:36.276400,450,33,46,HAZARDOUS,YES
2026-06-13 12:34:39.283500,370,30,63,HAZARDOUS,YES
2026-06-13 12:34:42.300502,243,34,58,POOR,YES
2026-06-13 12:34:45.311725,413,31,66,HAZARDOUS,YES
2026-06-13 12:34:48.327765,249,20,73,POOR,YES
2026-06-13 12:34:51.344929,435,18,49,HAZARDOUS,YES
2026-06-13 12:34:54.359317,172,25,90,MODERATE,NO
2026-06-13 12:34:57.378397,406,19,49,HAZARDOUS,YES
2026-06-13 12:35:00.388482,465,22,81,HAZARDOUS,YES
2026-06-13 12:35:03.408643,264,34,74,POOR,YES
2026-06-13 12:35:06.424125,111,22,49,MODERATE,NO
2026-06-13 12:35:09.432467,121,28,58,MODERATE,NO
2026-06-13 12:35:12.450403,331,30,42,POOR,YES
2026-06-13 12:35:15.471953,172,35,79,MODERATE,NO
2026-06-13 12:35:18.486211,413,26,35,HAZARDOUS,YES
2026-06-13 12:35:21.498667,182,25,38,MODERATE,NO
2026-06-13 12:35:24.504869,401,37,90,HAZARDOUS,YES
2026-06-13 12:35:27.521098,55,29,77,GOOD,NO
2026-06-13 12:35:30.533181,382,23,42,HAZARDOUS,YES
2026-06-13 12:35:33.544185,241,32,59,POOR,YES
2026-06-13 12:35:36.562188,393,37,43,HAZARDOUS,YES
2026-06-13 12:35:39.574191,485,39,79,HAZARDOUS,YES
2026-06-13 12:35:42.612188,462,40,33,HAZARDOUS,YES
2026-06-13 12:35:45.630444,175,35,90,MODERATE,NO
2026-06-13 12:35:48.660675,495,37,57,HAZARDOUS,YES
2026-06-13 12:35:51.677134,225,25,85,POOR,YES
2026-06-13 12:35:54.694575,273,24,88,POOR,YES
2026-06-13 12:35:57.735726,86,23,47,GOOD,NO
2026-06-13 12:36:00.744911,219,28,76,POOR,YES
2026-06-13 12:36:03.751092,100,22,65,MODERATE,NO
2026-06-13 12:36:06.763158,68,35,68,GOOD,NO
2026-06-13 12:36:09.783226,343,23,31,POOR,YES
2026-06-13 12:36:12.790373,396,35,79,HAZARDOUS,YES
2026-06-13 12:36:15.802646,91,28,82,GOOD,NO
2026-06-13 12:36:18.827646,228,19,70,POOR,YES
2026-06-13 12:36:21.852644,463,25,37,HAZARDOUS,YES
2026-06-13 12:36:24.884644,282,23,35,POOR,YES
2026-06-13 12:36:27.906649,369,34,90,HAZARDOUS,YES
2026-06-13 12:36:30.939643,57,24,63,GOOD,NO
2026-06-13 12:36:33.959646,108,32,30,MODERATE,NO
2026-06-13 12:36:37.036697,57,32,32,GOOD,NO
2026-06-13 12:36:40.065653,236,20,78,POOR,YES
2026-06-13 12:36:43.082698,318,37,48,POOR,YES
2026-06-13 12:36:46.093741,107,24,48,MODERATE,NO
2026-06-13 12:36:49.100787,469,24,53,HAZARDOUS,YES
2026-06-13 12:36:52.232763,147,18,65,MODERATE,NO
2026-06-13 12:36:55.636921,287,31,79,POOR,YES
2026-06-13 12:36:58.655297,402,23,65,HAZARDOUS,YES
2026-06-13 12:37:01.661298,88,26,59,GOOD,NO
2026-06-13 12:37:04.683301,402,31,82,HAZARDOUS,YES
2026-06-13 12:37:07.718302,371,21,39,HAZARDOUS,YES
2026-06-13 12:37:10.873385,225,30,78,POOR,YES
2026-06-13 12:37:13.884808,489,29,63,HAZARDOUS,YES
2026-06-13 12:37:16.905804,496,26,45,HAZARDOUS,YES
2026-06-13 12:37:19.916847,89,36,42,GOOD,NO
2026-06-13 12:37:22.931169,145,29,50,MODERATE,NO
2026-06-13 12:37:25.939336,308,29,45,POOR,YES
2026-06-13 12:37:28.954420,385,27,70,HAZARDOUS,YES
2026-06-13 12:37:31.973512,133,35,41,MODERATE,NO
2026-06-13 12:37:34.983730,332,32,32,POOR,YES
2026-06-13 12:37:38.002762,178,36,76,MODERATE,NO
2026-06-13 12:37:41.013027,412,18,71,HAZARDOUS,YES
2026-06-13 12:37:44.209022,310,33,47,POOR,YES
2026-06-13 12:37:47.346275,175,40,60,MODERATE,NO
2026-06-13 12:37:50.360264,210,37,45,POOR,YES
2026-06-13 12:37:53.373268,430,23,73,HAZARDOUS,YES
2026-06-13 12:37:56.486581,73,22,44,GOOD,NO
2026-06-13 12:37:59.532582,301,18,35,POOR,YES
2026-06-13 12:38:02.656700,300,21,68,POOR,YES
2026-06-13 12:38:05.995700,380,33,81,HAZARDOUS,YES
2026-06-13 12:38:09.009698,89,39,52,GOOD,NO
2026-06-13 12:38:12.048708,383,32,71,HAZARDOUS,YES
2026-06-13 12:38:15.165856,363,20,78,HAZARDOUS,YES
2026-06-13 12:38:18.174109,153,18,49,MODERATE,NO
2026-06-13 12:38:21.190462,243,31,67,POOR,YES
2026-06-13 12:38:24.210522,468,29,31,HAZARDOUS,YES
2026-06-13 12:38:27.248792,421,32,37,HAZARDOUS,YES
2026-06-13 12:38:30.268788,479,34,81,HAZARDOUS,YES
2026-06-13 12:38:33.319794,446,20,40,HAZARDOUS,YES
2026-06-13 12:38:36.337789,152,23,82,MODERATE,NO
2026-06-13 12:38:39.361875,274,34,69,POOR,YES
2026-06-13 12:38:42.368179,228,18,57,POOR,YES
2026-06-13 12:38:45.372144,92,26,38,GOOD,NO
2026-06-13 12:38:48.400453,59,36,82,GOOD,NO
2026-06-13 12:38:51.407130,99,35,55,GOOD,NO
2026-06-13 12:38:54.413310,212,36,59,POOR,YES
2026-06-13 12:38:57.420403,302,25,31,POOR,YES
2026-06-13 12:39:00.432410,202,28,61,POOR,YES
2026-06-13 12:39:03.440621,456,29,57,HAZARDOUS,YES
2026-06-13 12:39:06.448741,264,28,34,POOR,YES
2026-06-13 12:39:09.462869,169,36,37,MODERATE,NO
2026-06-13 12:39:12.480860,217,28,88,POOR,YES
2026-06-13 12:39:15.493112,262,33,39,POOR,YES
2026-06-13 12:39:18.508690,282,36,60,POOR,YES
2026-06-13 12:39:21.525843,127,39,80,MODERATE,NO
2026-06-13 12:39:24.543844,164,34,64,MODERATE,NO
2026-06-13 12:39:27.562908,167,23,48,MODERATE,NO
2026-06-13 12:39:30.580117,264,34,58,POOR,YES
2026-06-13 12:39:33.606413,189,31,54,MODERATE,NO
2026-06-13 12:39:36.624416,227,26,69,POOR,YES
2026-06-13 12:39:39.639476,215,35,41,POOR,YES
2026-06-13 12:39:42.677416,190,22,51,MODERATE,NO
2026-06-13 12:39:45.754416,453,30,83,HAZARDOUS,YES
2026-06-13 12:39:48.775506,115,25,77,MODERATE,NO
2026-06-13 12:39:51.851586,188,28,81,MODERATE,NO
2026-06-13 12:39:54.874598,121,30,89,MODERATE,NO
2026-06-13 12:39:58.194756,159,24,79,MODERATE,NO
2026-06-13 12:40:01.235754,229,30,55,POOR,YES
2026-06-13 12:40:04.307943,302,26,67,POOR,YES
2026-06-13 12:40:07.664035,189,39,89,MODERATE,NO
2026-06-13 12:40:10.678033,434,33,77,HAZARDOUS,YES
2026-06-13 12:40:13.694139,141,27,55,MODERATE,NO
2026-06-13 12:40:16.714471,74,30,80,GOOD,NO
2026-06-13 12:40:19.732595,228,36,41,POOR,YES
2026-06-13 12:40:22.750542,185,23,46,MODERATE,NO
2026-06-13 12:40:25.764542,175,20,45,MODERATE,NO
2026-06-13 12:40:28.788547,75,21,56,GOOD,NO
2026-06-13 12:40:31.906624,143,37,84,MODERATE,NO
2026-06-13 12:40:34.923700,109,38,43,MODERATE,NO
2026-06-13 12:40:37.933113,462,24,84,HAZARDOUS,YES
2026-06-13 12:40:40.941133,313,27,51,POOR,YES
2026-06-13 12:40:43.963225,167,37,54,MODERATE,NO
2026-06-13 12:40:46.990560,324,36,76,POOR,YES
2026-06-13 12:40:49.996561,194,26,63,MODERATE,NO
2026-06-13 12:40:53.016560,451,21,58,HAZARDOUS,YES
2026-06-13 12:40:56.031560,135,35,82,MODERATE,NO
2026-06-13 12:40:59.047594,439,26,83,HAZARDOUS,YES
2026-06-13 12:41:02.065636,481,38,53,HAZARDOUS,YES
2026-06-13 12:41:05.077634,403,35,42,HAZARDOUS,YES
2026-06-13 12:41:08.087639,124,23,41,MODERATE,NO
2026-06-13 12:41:11.107635,126,31,30,MODERATE,NO
2026-06-13 12:41:14.122831,332,39,38,POOR,YES
2026-06-13 12:41:17.143887,435,36,34,HAZARDOUS,YES
2026-06-13 12:41:20.164818,150,21,80,MODERATE,NO
2026-06-13 12:41:23.198338,446,39,33,HAZARDOUS,YES
2026-06-13 12:41:26.271712,494,40,73,HAZARDOUS,YES
2026-06-13 12:41:29.302985,148,27,39,MODERATE,NO
2026-06-13 12:41:32.320346,73,23,44,GOOD,NO
2026-06-13 12:41:35.334346,193,36,33,MODERATE,NO
2026-06-13 12:41:38.383347,114,36,86,MODERATE,NO
2026-06-13 12:41:41.412563,448,37,74,HAZARDOUS,YES
2026-06-13 12:41:44.426589,467,25,62,HAZARDOUS,YES
2026-06-13 12:41:47.443828,154,30,85,MODERATE,NO
2026-06-13 12:41:50.452869,456,39,48,HAZARDOUS,YES
2026-06-13 12:41:53.461381,466,21,70,HAZARDOUS,YES
2026-06-13 12:41:56.467387,273,40,68,POOR,YES
2026-06-13 12:41:59.496390,254,31,60,POOR,YES
2026-06-13 12:42:02.515553,418,19,32,HAZARDOUS,YES
2026-06-13 12:42:05.530182,327,35,70,POOR,YES
2026-06-13 12:42:08.713182,344,35,50,POOR,YES
2026-06-13 12:42:11.729255,466,19,37,HAZARDOUS,YES
2026-06-13 12:42:14.742335,372,33,40,HAZARDOUS,YES
2026-06-13 12:42:17.753637,145,33,59,MODERATE,NO
2026-06-13 12:42:20.769723,308,35,45,POOR,YES
2026-06-13 12:42:23.800150,235,33,33,POOR,YES
2026-06-13 12:42:27.287392,289,19,64,POOR,YES
2026-06-13 12:42:30.297561,461,38,49,HAZARDOUS,YES
2026-06-13 12:42:33.313970,78,36,66,GOOD,NO
2026-06-13 12:42:36.328094,446,26,45,HAZARDOUS,YES
2026-06-13 12:42:39.344046,175,20,62,MODERATE,NO
2026-06-13 12:42:42.360043,280,34,53,POOR,YES
2026-06-13 12:42:45.375314,265,30,66,POOR,YES
2026-06-13 12:42:48.386556,431,27,53,HAZARDOUS,YES
2026-06-13 12:42:51.429769,325,35,45,POOR,YES
2026-06-13 12:42:54.441856,403,27,75,HAZARDOUS,YES
2026-06-13 12:42:57.448913,127,22,51,MODERATE,NO
2026-06-13 12:43:00.462854,344,18,89,POOR,YES
2026-06-13 12:43:03.479854,140,27,33,MODERATE,NO
2026-06-13 12:43:06.502009,223,19,47,POOR,YES
2026-06-13 12:43:09.540014,161,34,88,MODERATE,NO
2026-06-13 12:43:12.570261,165,24,85,MODERATE,NO
2026-06-13 12:43:15.608322,252,40,68,POOR,YES
2026-06-13 12:43:18.656591,103,27,90,MODERATE,NO
2026-06-13 12:43:21.674584,211,33,86,POOR,YES
2026-06-13 12:43:24.694591,195,39,31,MODERATE,NO
2026-06-13 12:43:27.703681,254,27,67,POOR,YES
2026-06-13 12:43:30.711683,302,21,87,POOR,YES
2026-06-13 12:43:33.732684,68,32,58,GOOD,NO
2026-06-13 12:43:36.750682,140,36,65,MODERATE,NO
2026-06-13 12:43:39.785960,132,29,38,MODERATE,NO
2026-06-13 12:43:43.029105,467,28,41,HAZARDOUS,YES
2026-06-13 12:43:46.063160,109,35,61,MODERATE,NO
2026-06-13 12:43:49.106391,277,23,70,POOR,YES
2026-06-13 12:43:52.219468,490,21,82,HAZARDOUS,YES
2026-06-13 12:43:55.233561,334,38,58,POOR,YES
2026-06-13 12:43:58.269644,353,36,80,HAZARDOUS,YES
2026-06-13 12:44:01.298644,493,29,50,HAZARDOUS,YES
2026-06-13 12:44:04.387762,457,30,88,HAZARDOUS,YES
2026-06-13 12:44:07.524132,208,38,65,POOR,YES
2026-06-13 12:44:10.544094,259,21,63,POOR,YES
2026-06-13 12:44:13.582274,257,20,40,POOR,YES
2026-06-13 12:44:16.597338,192,22,33,MODERATE,NO
2026-06-13 12:44:19.609351,484,21,76,HAZARDOUS,YES
2026-06-13 12:44:22.632688,185,40,69,MODERATE,NO
2026-06-13 12:44:25.642690,342,37,58,POOR,YES
2026-06-13 12:44:28.654921,220,27,90,POOR,YES
2026-06-13 12:44:31.673102,267,18,35,POOR,YES
2026-06-13 12:44:34.681588,382,30,66,HAZARDOUS,YES
2026-06-13 12:44:37.700588,162,27,52,MODERATE,NO
2026-06-13 12:44:40.712591,282,31,55,POOR,YES
2026-06-13 12:44:43.733941,484,29,84,HAZARDOUS,YES
2026-06-13 12:44:46.747942,356,39,61,HAZARDOUS,YES
2026-06-13 12:44:49.764212,340,21,57,POOR,YES
2026-06-13 12:44:52.787208,268,39,56,POOR,YES
2026-06-13 12:44:55.797281,52,23,72,GOOD,NO
2026-06-13 12:44:58.829281,173,26,75,MODERATE,NO
2026-06-13 12:45:01.872534,271,39,68,POOR,YES
2026-06-13 12:45:04.889539,320,34,71,POOR,YES
2026-06-13 12:45:07.905532,133,23,33,MODERATE,NO
2026-06-13 12:45:10.927534,53,28,67,GOOD,NO
2026-06-13 12:45:13.967020,346,19,61,POOR,YES
2026-06-13 12:45:17.097016,399,36,66,HAZARDOUS,YES
2026-06-13 12:45:20.115210,99,34,53,GOOD,NO
2026-06-13 12:45:23.131244,164,34,53,MODERATE,NO
